date,country,event_censor,event_spike,max_user_range,min_user_range,actual_users
2011-09-08,hr,0.0,0.0,1390.48373022,551.299418558,803.0
2011-09-09,hr,0.0,0.0,1388.6630567,418.781429255,829.0
2011-09-11,hr,0.0,0.0,1480.16446698,627.324218461,900.0
2011-09-12,hr,0.0,0.0,1327.95821518,587.200820669,899.0
2011-09-13,hr,0.0,0.0,1295.6064823,623.801989641,909.0
2011-09-14,hr,0.0,0.0,1292.90636654,657.608680912,853.0
2011-09-15,hr,0.0,0.0,1228.13667114,501.095770099,939.0
2011-09-16,hr,0.0,0.0,1322.35498494,417.562772802,957.0
2011-09-17,hr,0.0,0.0,1318.27650576,394.848227455,805.0
2011-09-18,hr,0.0,0.0,1452.44744018,401.353350346,852.0
2011-09-19,hr,0.0,0.0,1535.24914364,408.28731153,933.0
2011-09-20,hr,0.0,0.0,1443.70510231,434.275848554,938.0
2011-09-21,hr,0.0,0.0,1367.83192372,396.077279413,891.0
2011-09-22,hr,0.0,0.0,1402.21133196,500.602810011,904.0
2011-09-23,hr,0.0,0.0,1431.60784574,539.048715515,850.0
2011-09-24,hr,0.0,0.0,1179.47595196,472.164948224,805.0
2011-09-25,hr,0.0,0.0,1238.1968818,481.646505526,841.0
2011-09-26,hr,0.0,0.0,1224.86116744,563.603856177,884.0
2011-09-27,hr,0.0,0.0,1254.48696596,598.085944763,920.0
2011-09-28,hr,0.0,0.0,1167.31655733,590.483239663,872.0
2011-09-29,hr,0.0,0.0,1155.73527073,588.396150519,828.0
2011-09-30,hr,0.0,0.0,1204.85554432,528.801323401,864.0
2011-10-01,hr,0.0,0.0,1208.05062814,504.259329841,898.0
2011-10-02,hr,0.0,0.0,1146.22908084,505.608679181,779.0
2011-10-03,hr,0.0,0.0,1327.61267711,551.708179065,888.0
2011-10-04,hr,0.0,0.0,1348.41461466,554.003009792,884.0
2011-10-05,hr,0.0,0.0,1324.60557064,592.234802297,887.0
2011-10-06,hr,0.0,0.0,1137.79450432,596.251956062,859.0
2011-10-07,hr,0.0,0.0,1156.15939867,604.731678478,898.0
2011-10-08,hr,0.0,0.0,1259.70380312,586.677730689,885.0
2011-10-09,hr,0.0,0.0,1197.62697561,532.796845411,869.0
2011-10-10,hr,0.0,0.0,1234.55775906,570.919879919,852.0
2011-10-11,hr,0.0,0.0,1263.81831805,566.02662725,922.0
2011-10-12,hr,0.0,0.0,1207.50861954,532.381279926,894.0
2011-10-13,hr,0.0,0.0,1279.7484088,600.772753015,951.0
2011-10-14,hr,0.0,0.0,1423.37052239,590.328285332,964.0
2011-10-15,hr,0.0,0.0,1144.31822665,577.913928102,782.0
2011-10-16,hr,0.0,0.0,1113.83308226,589.874083787,857.0
2011-10-17,hr,0.0,0.0,1139.88533778,540.663095286,843.0
2011-10-18,hr,0.0,0.0,1200.41685107,606.185764715,825.0
2011-10-19,hr,0.0,0.0,1223.82010862,579.99547531,823.0
2011-10-20,hr,0.0,0.0,1352.11639693,573.877242176,866.0
2011-10-21,hr,0.0,0.0,1220.97811452,535.129398082,755.0
2011-10-22,hr,0.0,0.0,1059.52654202,460.22549546,722.0
2011-10-23,hr,0.0,0.0,1066.3848641,532.134447904,695.0
2011-10-24,hr,0.0,0.0,1162.65005788,471.076389187,732.0
2011-10-25,hr,0.0,0.0,1014.46020296,490.575836711,761.0
2011-10-26,hr,0.0,0.0,1178.71011885,407.079566786,837.0
2011-10-27,hr,0.0,0.0,1162.43953275,388.200274872,772.0
2011-10-28,hr,0.0,0.0,1064.7344609,349.29622889,757.0
2011-10-29,hr,0.0,0.0,1012.79504237,391.31428837,686.0
2011-10-30,hr,0.0,0.0,959.19380693,344.806027312,691.0
2011-10-31,hr,0.0,0.0,998.370736203,394.754318809,729.0
2011-11-01,hr,0.0,0.0,1062.30486064,456.304424207,693.0
2011-11-02,hr,0.0,0.0,1217.1989994,384.35097882,691.0
2011-11-03,hr,0.0,0.0,1065.76148949,420.548698337,724.0
2011-11-04,hr,0.0,0.0,1188.17763603,385.671304879,739.0
2011-11-05,hr,0.0,0.0,1147.27454768,367.774610545,826.0
2011-11-06,hr,0.0,0.0,1103.23482172,425.02415455,801.0
2011-11-07,hr,0.0,0.0,1014.22902027,458.33127546,755.0
2011-11-08,hr,0.0,0.0,1045.28556426,397.24562969,812.0
2011-11-09,hr,0.0,0.0,1279.35837883,302.827902957,894.0
2011-11-10,hr,0.0,0.0,1253.68731938,394.69126499,859.0
2011-11-11,hr,0.0,0.0,910.422172035,520.623651764,682.0
2011-11-12,hr,0.0,0.0,972.121142065,497.265747228,625.0
2011-11-13,hr,0.0,0.0,1010.63271058,466.715893708,667.0
2011-11-14,hr,0.0,0.0,1017.92419048,443.96775036,683.0
2011-11-15,hr,0.0,0.0,1140.3333099,447.754131163,673.0
2011-11-16,hr,0.0,0.0,1293.58251848,406.71336546,672.0
2011-11-17,hr,0.0,0.0,1113.84387551,466.020039527,678.0
2011-11-18,hr,0.0,0.0,870.598666962,462.350548026,636.0
2011-11-19,hr,0.0,0.0,844.874468133,414.036810938,594.0
2011-11-20,hr,0.0,0.0,934.352081194,419.869128006,596.0
2011-11-21,hr,0.0,0.0,979.060024827,436.085655952,628.0
2011-11-22,hr,0.0,0.0,985.146594969,386.956056427,661.0
2011-11-23,hr,0.0,0.0,1176.83893379,361.959049923,1004.0
2011-11-24,hr,0.0,0.0,1736.35961811,394.338275988,1662.0
2011-11-25,hr,0.0,0.0,1538.39226021,140.039308101,1171.0
2011-11-26,hr,0.0,1.0,1360.84472075,180.937384,2007.0
2011-11-27,hr,0.0,0.0,953.673629383,336.184215749,902.0
2011-11-28,hr,0.0,0.0,881.096809372,391.728642474,607.0
2011-11-29,hr,0.0,0.0,913.2958308,343.365434682,579.0
2011-11-30,hr,0.0,0.0,1243.32585873,413.058156389,595.0
2011-12-01,hr,0.0,0.0,1965.07028965,377.843353523,737.0
2011-12-02,hr,0.0,0.0,1939.41543179,180.557016402,693.0
2011-12-03,hr,0.0,0.0,2934.96710717,534.497061261,659.0
2011-12-04,hr,0.0,0.0,1125.11092529,474.216384534,626.0
2011-12-05,hr,0.0,0.0,997.629802682,399.818426369,776.0
2011-12-06,hr,0.0,0.0,885.801950742,377.867632127,671.0
2011-12-07,hr,0.0,0.0,942.888245371,398.430623213,632.0
2011-12-08,hr,0.0,0.0,1046.46804118,405.094782519,597.0
2011-12-09,hr,0.0,0.0,1007.16860442,408.513089418,615.0
2011-12-10,hr,0.0,0.0,958.379456944,407.182586911,591.0
2011-12-11,hr,0.0,0.0,1024.39866967,428.28109166,610.0
2011-12-12,hr,0.0,0.0,1001.11782741,481.81177443,616.0
2011-12-13,hr,0.0,0.0,958.405358334,444.504156884,588.0
2011-12-14,hr,0.0,0.0,927.256145336,376.63477896,584.0
2011-12-15,hr,0.0,0.0,870.682738115,353.750761302,585.0
2011-12-16,hr,0.0,0.0,901.754658397,407.460301903,624.0
2011-12-17,hr,0.0,0.0,898.075620647,378.433061022,580.0
2011-12-18,hr,0.0,0.0,885.749607986,397.86043029,639.0
2011-12-19,hr,0.0,0.0,870.36692815,383.215574941,651.0
2011-12-20,hr,0.0,0.0,830.099512834,383.086243797,616.0
2011-12-21,hr,0.0,0.0,852.512694531,366.519591507,624.0
2011-12-22,hr,0.0,0.0,855.680245855,375.03781968,614.0
2011-12-23,hr,0.0,0.0,822.925592036,402.814226999,585.0
2011-12-24,hr,0.0,0.0,759.058834043,357.886194737,567.0
2011-12-25,hr,0.0,0.0,1003.16990293,425.200986839,655.0
2011-12-26,hr,0.0,0.0,870.668407867,382.213233392,553.0
2011-12-27,hr,0.0,0.0,905.400800111,381.450144696,624.0
2011-12-28,hr,0.0,0.0,936.073037422,366.226707221,596.0
2011-12-29,hr,0.0,0.0,897.891962667,380.1652126,552.0
2011-12-30,hr,0.0,0.0,897.464385833,360.643581929,582.0
2011-12-31,hr,0.0,0.0,826.562090887,344.199491023,528.0
2012-01-01,hr,0.0,0.0,843.770961568,314.928684414,552.0
2012-01-02,hr,0.0,0.0,942.654642625,299.322202618,606.0
2012-01-03,hr,0.0,0.0,937.930210603,367.320613994,593.0
2012-01-04,hr,0.0,0.0,921.420390742,385.403371719,641.0
2012-01-05,hr,0.0,0.0,993.288346328,347.445641173,928.0
2012-01-06,hr,0.0,1.0,1270.18722487,242.698636799,1430.0
2012-01-07,hr,0.0,1.0,1393.30510398,298.17640539,1450.0
2012-01-09,hr,0.0,0.0,1672.19616184,302.989344191,769.0
2012-01-10,hr,0.0,0.0,1362.96524389,293.276275753,653.0
2012-01-11,hr,0.0,0.0,1006.61079997,368.970208245,602.0
2012-01-12,hr,0.0,0.0,1486.42369035,446.258430592,592.0
2012-01-13,hr,0.0,0.0,2266.85146892,583.202144264,595.0
2012-01-14,hr,0.0,0.0,2121.65358854,503.460990022,584.0
2012-01-16,hr,0.0,0.0,1090.66673141,241.288379812,628.0
2012-01-17,hr,0.0,0.0,1052.09241134,199.484502917,620.0
2012-01-18,hr,0.0,0.0,840.9465578,395.640172159,579.0
2012-01-19,hr,0.0,0.0,895.522818284,294.856084952,614.0
2012-01-20,hr,0.0,0.0,969.610041437,306.907305381,612.0
2012-01-21,hr,0.0,0.0,900.669160521,286.411826695,583.0
2012-01-22,hr,0.0,0.0,989.529251104,310.229791598,584.0
2012-01-23,hr,0.0,0.0,992.215633927,233.695953601,578.0
2012-01-24,hr,0.0,0.0,957.497433932,306.577598308,635.0
2012-01-25,hr,0.0,0.0,891.816260923,361.852193417,639.0
2012-01-26,hr,0.0,0.0,898.453082841,323.916097765,603.0
2012-01-27,hr,0.0,0.0,893.309885348,305.673578024,593.0
2012-01-28,hr,0.0,0.0,849.117700874,293.685009116,569.0
2012-01-29,hr,0.0,0.0,912.200724628,301.23489358,610.0
2012-01-30,hr,0.0,0.0,967.537490317,307.396378042,607.0
2012-01-31,hr,0.0,0.0,1003.43853065,366.295867898,640.0
2012-02-01,hr,0.0,0.0,1050.01291341,355.876703563,620.0
2012-02-02,hr,0.0,0.0,960.729381498,371.280717126,575.0
2012-02-03,hr,0.0,0.0,982.561883232,362.28271091,605.0
2012-02-04,hr,0.0,0.0,878.776216169,373.768283295,544.0
2012-02-05,hr,0.0,0.0,891.526247546,374.578959723,537.0
2012-02-06,hr,0.0,0.0,895.829632392,369.456140601,578.0
2012-02-07,hr,0.0,0.0,915.874768711,348.34533698,602.0
2012-02-08,hr,0.0,0.0,1019.33278428,379.115557686,652.0
2012-02-09,hr,0.0,0.0,967.935167932,378.404412262,650.0
2012-02-10,hr,0.0,0.0,896.845231863,359.083853235,615.0
2012-02-11,hr,0.0,0.0,782.519304811,381.913056899,619.0
2012-02-12,hr,0.0,0.0,789.12110045,366.752450023,617.0
2012-02-13,hr,0.0,0.0,994.837890311,348.330091822,620.0
2012-02-14,hr,0.0,0.0,1056.61436926,353.487105013,612.0
2012-02-15,hr,0.0,0.0,931.201215256,370.610616282,596.0
2012-02-16,hr,0.0,0.0,884.299580489,388.460615524,583.0
2012-02-17,hr,0.0,0.0,905.993901262,406.760727657,586.0
2012-02-18,hr,0.0,0.0,860.822447621,409.695873414,558.0
2012-02-19,hr,0.0,0.0,874.333419457,397.539008808,564.0
2012-02-20,hr,0.0,0.0,900.172077445,355.311905129,615.0
2012-02-21,hr,0.0,0.0,922.318580741,304.856558727,622.0
2012-02-22,hr,0.0,0.0,888.779320924,361.103731982,635.0
2012-02-23,hr,0.0,0.0,869.034418287,321.061678573,613.0
2012-02-24,hr,0.0,0.0,838.989881078,335.484623606,584.0
2012-02-25,hr,0.0,0.0,849.097145993,368.55934631,576.0
2012-02-26,hr,0.0,0.0,837.435314863,363.765190029,600.0
2012-02-27,hr,0.0,0.0,927.250735268,335.323978786,628.0
2012-02-28,hr,0.0,0.0,920.832217613,366.633114375,629.0
2012-02-29,hr,0.0,0.0,848.49572831,398.550790845,612.0
2012-03-01,hr,0.0,0.0,861.517811709,439.951645827,641.0
2012-03-02,hr,0.0,0.0,801.024764526,391.933445897,582.0
2012-03-03,hr,0.0,0.0,771.30912475,353.391767955,556.0
2012-03-04,hr,0.0,0.0,854.320741603,379.980979244,605.0
2012-03-05,hr,0.0,0.0,932.398694116,397.830324687,628.0
2012-03-06,hr,0.0,0.0,900.747683801,400.747726968,639.0
2012-03-07,hr,0.0,0.0,904.867604248,386.701572965,666.0
2012-03-08,hr,0.0,0.0,830.321356523,422.988477791,618.0
2012-03-09,hr,0.0,0.0,823.288866833,390.326771152,628.0
2012-03-10,hr,0.0,0.0,753.641349138,403.593108252,621.0
2012-03-11,hr,0.0,0.0,875.16713084,399.918302774,626.0
2012-03-12,hr,0.0,0.0,839.6305294,425.244938791,652.0
2012-03-13,hr,0.0,0.0,815.105988321,447.021096023,614.0
2012-03-14,hr,0.0,0.0,845.031876878,464.733468579,633.0
2012-03-15,hr,0.0,0.0,823.386768834,430.347119475,610.0
2012-03-16,hr,0.0,0.0,810.457386332,430.133296965,581.0
2012-03-17,hr,0.0,0.0,826.172959638,407.203208098,543.0
2012-03-18,hr,0.0,0.0,866.220192165,355.632118494,556.0
2012-03-19,hr,0.0,0.0,878.70060102,432.922113514,577.0
2012-03-20,hr,0.0,0.0,861.78490874,409.251599472,590.0
2012-03-21,hr,0.0,0.0,857.569937536,435.024870348,592.0
2012-03-22,hr,0.0,0.0,885.081280593,411.150422076,591.0
2012-03-23,hr,0.0,0.0,775.77389945,409.411331411,560.0
2012-03-24,hr,0.0,0.0,762.231551594,361.720789128,572.0
2012-03-25,hr,0.0,0.0,820.380561966,359.26088429,608.0
2012-03-26,hr,0.0,0.0,778.014092958,405.180867138,632.0
2012-03-27,hr,0.0,0.0,788.719104552,423.020302024,635.0
2012-03-28,hr,0.0,0.0,799.856602105,423.396285617,602.0
2012-03-29,hr,0.0,0.0,821.787417069,357.905095445,606.0
2012-03-30,hr,0.0,0.0,830.594651612,361.726159219,628.0
2012-03-31,hr,0.0,0.0,843.793556705,343.103583363,584.0
2012-04-01,hr,0.0,0.0,877.251808421,403.645719943,616.0
2012-04-02,hr,0.0,0.0,851.045255342,428.54353655,640.0
2012-04-03,hr,0.0,0.0,857.732400201,424.917621069,660.0
2012-04-04,hr,0.0,0.0,862.119869041,393.76516934,667.0
2012-04-05,hr,0.0,0.0,954.901862227,320.012869324,621.0
2012-04-06,hr,0.0,0.0,1007.96559248,314.328953342,609.0
2012-04-07,hr,0.0,0.0,872.88491521,347.33047499,581.0
2012-04-08,hr,0.0,0.0,881.849015972,375.40039352,582.0
2012-04-09,hr,0.0,0.0,924.670391613,423.612888639,620.0
2012-04-10,hr,0.0,0.0,976.616938552,425.961334415,652.0
2012-04-11,hr,0.0,0.0,980.16910692,430.068798518,659.0
2012-04-12,hr,0.0,0.0,989.289852802,354.177729437,657.0
2012-04-13,hr,0.0,0.0,1053.89121581,285.519976646,654.0
2012-04-14,hr,0.0,0.0,962.54226963,316.343152597,632.0
2012-04-15,hr,0.0,0.0,924.672637708,315.604863609,637.0
2012-04-16,hr,0.0,0.0,897.308081198,380.723248944,683.0
2012-04-17,hr,0.0,0.0,874.999629026,470.825906379,662.0
2012-04-18,hr,0.0,0.0,957.248135119,454.098450182,649.0
2012-04-19,hr,0.0,0.0,960.793733152,467.719066337,658.0
2012-04-20,hr,0.0,0.0,947.369753603,423.909513267,617.0
2012-04-21,hr,0.0,0.0,942.339573716,396.886521293,601.0
2012-04-22,hr,0.0,0.0,961.801164734,417.124841337,647.0
2012-04-23,hr,0.0,0.0,949.249953991,465.066785697,635.0
2012-04-24,hr,0.0,0.0,924.261122047,425.56065404,610.0
2012-04-25,hr,0.0,0.0,1043.57658158,302.020964404,607.0
2012-04-26,hr,0.0,0.0,961.594460127,354.736906346,591.0
2012-04-27,hr,0.0,0.0,893.691442395,412.222710888,574.0
2012-04-28,hr,0.0,0.0,843.887237539,388.862662617,541.0
2012-04-29,hr,0.0,0.0,952.549494962,401.32906025,574.0
2012-04-30,hr,0.0,0.0,959.774425679,375.140287782,570.0
2012-05-01,hr,0.0,0.0,936.098106358,345.444452147,571.0
2012-05-02,hr,0.0,0.0,886.539801316,396.742284018,636.0
2012-05-03,hr,0.0,0.0,912.317871264,402.600590532,676.0
2012-05-04,hr,0.0,0.0,974.623560616,424.722079064,725.0
2012-05-05,hr,0.0,0.0,993.869138674,357.331728621,703.0
2012-05-06,hr,0.0,0.0,948.670130253,426.923211154,758.0
2012-05-07,hr,0.0,0.0,935.565946437,402.332064718,729.0
2012-05-08,hr,0.0,0.0,927.188556703,389.398812258,677.0
2012-05-09,hr,0.0,0.0,933.644347918,460.011096343,641.0
2012-05-10,hr,0.0,0.0,1010.8902428,488.140299295,661.0
2012-05-11,hr,0.0,0.0,916.971764683,482.507866255,661.0
2012-05-12,hr,0.0,0.0,922.623173198,454.061126112,620.0
2012-05-13,hr,0.0,0.0,1018.83423703,496.11609809,647.0
2012-05-14,hr,0.0,0.0,1057.216681,489.042546989,679.0
2012-05-15,hr,0.0,0.0,945.04544676,498.200970636,666.0
2012-05-16,hr,0.0,0.0,981.186807849,441.67833035,715.0
2012-05-17,hr,0.0,0.0,970.106801999,457.936291014,699.0
2012-05-18,hr,0.0,0.0,1006.18420263,448.590039483,666.0
2012-05-19,hr,0.0,0.0,956.660639553,395.565393372,618.0
2012-05-20,hr,0.0,0.0,1008.71029052,399.636062474,659.0
2012-05-21,hr,0.0,0.0,1016.47072673,459.497204381,734.0
2012-05-22,hr,0.0,0.0,947.818080275,484.412748572,717.0
2012-05-23,hr,0.0,0.0,1019.70200293,465.432839097,707.0
2012-05-24,hr,0.0,0.0,975.334026186,453.195836181,706.0
2012-05-25,hr,0.0,0.0,918.365439428,444.881711809,669.0
2012-05-26,hr,0.0,0.0,847.986056442,412.832835876,617.0
2012-05-27,hr,0.0,0.0,901.466758119,468.445979334,652.0
2012-05-28,hr,0.0,0.0,980.196259,508.844773828,643.0
2012-05-29,hr,0.0,0.0,1011.71252233,478.486024611,651.0
2012-05-30,hr,0.0,0.0,940.039683853,492.619544256,646.0
2012-05-31,hr,0.0,0.0,948.730377598,486.150240796,653.0
2012-06-01,hr,0.0,0.0,907.665620634,460.469216559,636.0
2012-06-02,hr,0.0,0.0,897.828427688,390.112449558,616.0
2012-06-03,hr,0.0,0.0,922.198795576,400.703675516,612.0
2012-06-04,hr,0.0,0.0,867.660220359,459.60405499,643.0
2012-06-05,hr,0.0,0.0,880.663203475,451.326811075,643.0
2012-06-06,hr,0.0,0.0,839.803129288,485.365127317,646.0
2012-06-07,hr,0.0,0.0,863.399636938,459.182482886,637.0
2012-06-08,hr,0.0,0.0,837.570460917,441.019754431,639.0
2012-06-09,hr,0.0,0.0,865.543324186,416.718227915,617.0
2012-06-10,hr,0.0,0.0,828.988384807,428.245548228,648.0
2012-06-11,hr,0.0,0.0,855.966480563,397.801624757,641.0
2012-06-12,hr,0.0,0.0,841.644771879,397.353690945,626.0
2012-06-13,hr,0.0,0.0,820.081030218,422.49302356,604.0
2012-06-14,hr,0.0,0.0,882.140233702,438.250577761,623.0
2012-06-15,hr,0.0,0.0,864.972172763,455.841366499,608.0
2012-06-16,hr,0.0,0.0,810.001981094,437.477350231,572.0
2012-06-17,hr,0.0,0.0,869.46924531,442.959905448,620.0
2012-06-18,hr,0.0,0.0,928.233186216,452.328647993,669.0
2012-06-19,hr,0.0,0.0,967.477679022,423.28561844,675.0
2012-06-20,hr,0.0,0.0,865.853750577,429.293036962,645.0
2012-06-21,hr,0.0,0.0,802.595316672,441.734493685,600.0
2012-06-22,hr,0.0,0.0,808.247429928,457.347355606,601.0
2012-06-23,hr,0.0,0.0,776.318171489,407.550865836,600.0
2012-06-24,hr,0.0,0.0,827.188492251,457.976062286,582.0
2012-06-25,hr,0.0,0.0,947.770016108,478.864888486,585.0
2012-06-26,hr,0.0,0.0,946.9642307,467.283007708,654.0
2012-06-27,hr,0.0,0.0,885.198503535,464.202626847,672.0
2012-06-28,hr,0.0,0.0,823.40660504,453.474686742,668.0
2012-06-29,hr,0.0,0.0,800.345839903,419.287208203,620.0
2012-06-30,hr,0.0,0.0,801.133203456,426.576161305,599.0
2012-07-01,hr,0.0,0.0,810.980647965,385.367881283,630.0
2012-07-02,hr,0.0,0.0,789.221977888,384.220648261,650.0
2012-07-03,hr,0.0,0.0,857.817863798,463.113779848,644.0
2012-07-04,hr,0.0,0.0,869.984942845,479.910657582,629.0
2012-07-05,hr,0.0,0.0,859.023681627,465.393940903,618.0
2012-07-06,hr,0.0,0.0,794.996611269,440.176422568,624.0
2012-07-07,hr,0.0,0.0,778.700983302,408.387274926,579.0
2012-07-08,hr,0.0,0.0,814.203262385,431.754066664,577.0
2012-07-09,hr,0.0,0.0,868.926417717,434.766106747,608.0
2012-07-10,hr,0.0,0.0,862.821080015,441.956071399,601.0
2012-07-11,hr,0.0,0.0,861.192238312,448.047501099,583.0
2012-07-12,hr,0.0,0.0,854.64272333,443.51277967,608.0
2012-07-13,hr,0.0,0.0,854.732868956,443.878201943,602.0
2012-07-14,hr,0.0,0.0,797.827358283,425.93393566,568.0
2012-07-15,hr,0.0,0.0,812.673435655,413.996232313,580.0
2012-07-16,hr,0.0,0.0,830.947949486,446.018608488,619.0
2012-07-17,hr,0.0,0.0,782.280331705,459.575154256,628.0
2012-07-18,hr,0.0,0.0,765.706045953,438.62294526,639.0
2012-07-19,hr,0.0,0.0,819.081525389,437.193599943,627.0
2012-07-20,hr,0.0,0.0,826.801356571,415.427112643,602.0
2012-07-21,hr,0.0,0.0,770.191535396,398.71782897,580.0
2012-07-22,hr,0.0,0.0,776.790953297,394.400377122,593.0
2012-07-23,hr,0.0,0.0,870.97357687,410.718641559,611.0
2012-07-24,hr,0.0,0.0,853.223925167,433.696099223,616.0
2012-07-25,hr,0.0,0.0,889.169412287,436.872515246,618.0
2012-07-26,hr,0.0,0.0,824.534258239,432.982473613,578.0
2012-07-27,hr,0.0,0.0,852.999890961,426.334640461,591.0
2012-07-28,hr,0.0,0.0,825.3512882,392.190864982,531.0
2012-07-29,hr,0.0,0.0,849.987596155,414.681285017,532.0
2012-07-30,hr,0.0,0.0,825.002237688,454.970207813,570.0
2012-07-31,hr,0.0,0.0,824.828390065,446.921195037,578.0
2012-08-01,hr,0.0,0.0,850.595060704,444.6263562,584.0
2012-08-02,hr,0.0,0.0,821.262086119,411.987282122,607.0
2012-08-03,hr,0.0,0.0,801.851057643,409.092848319,581.0
2012-08-04,hr,0.0,0.0,690.983228943,352.843503829,499.0
2012-08-05,hr,0.0,0.0,697.378216272,345.430094813,532.0
2012-08-06,hr,0.0,0.0,795.617767727,396.507203252,578.0
2012-08-07,hr,0.0,0.0,826.876972778,390.971093324,584.0
2012-08-08,hr,0.0,0.0,782.233823428,409.798478163,581.0
2012-08-09,hr,0.0,0.0,818.89095917,447.953675946,576.0
2012-08-10,hr,0.0,0.0,802.716547145,427.61699877,572.0
2012-08-11,hr,0.0,0.0,739.400490843,378.311587515,563.0
2012-08-12,hr,0.0,0.0,770.328821498,402.743199392,572.0
2012-08-13,hr,0.0,0.0,808.795942244,426.724620878,636.0
2012-08-14,hr,0.0,0.0,862.865282626,384.96957133,601.0
2012-08-15,hr,0.0,0.0,818.223584738,403.914445848,587.0
2012-08-16,hr,0.0,0.0,767.370212941,392.344410798,635.0
2012-08-17,hr,0.0,0.0,766.459903133,402.654385477,640.0
2012-08-18,hr,0.0,0.0,814.98574117,360.869530342,634.0
2012-08-19,hr,0.0,0.0,815.337475986,387.825920789,646.0
2012-08-20,hr,0.0,0.0,901.86328598,388.580441473,652.0
2012-08-21,hr,0.0,0.0,837.411443336,386.804302033,650.0
2012-08-22,hr,0.0,0.0,905.166216743,316.232474496,640.0
2012-08-23,hr,0.0,0.0,886.172894919,436.284816508,637.0
2012-08-24,hr,0.0,0.0,888.7138866,456.907599495,632.0
2012-08-25,hr,0.0,0.0,972.630575027,388.660800681,586.0
2012-08-26,hr,0.0,0.0,969.553023535,395.652441957,583.0
2012-08-27,hr,0.0,0.0,929.276812257,415.374135517,629.0
2012-08-28,hr,0.0,0.0,924.857958231,454.608259114,673.0
2012-08-29,hr,0.0,0.0,922.675510585,456.709525958,703.0
2012-08-30,hr,0.0,0.0,859.311546029,454.8197255,676.0
2012-08-31,hr,0.0,0.0,842.095789257,473.872069066,658.0
2012-09-01,hr,0.0,0.0,796.676381593,408.959087678,637.0
2012-09-02,hr,0.0,0.0,833.905376697,435.678660607,664.0
2012-09-03,hr,0.0,0.0,929.896691046,461.116574146,699.0
2012-09-04,hr,0.0,0.0,954.196955887,500.366544951,699.0
2012-09-05,hr,0.0,0.0,1067.99507653,487.643258929,712.0
2012-09-06,hr,0.0,0.0,891.283864725,344.349832806,564.0
2012-09-07,hr,0.0,0.0,913.563013825,415.305594954,617.0
2012-09-08,hr,0.0,0.0,895.229938546,472.158625704,632.0
2012-09-09,hr,0.0,0.0,961.574022647,469.869568905,657.0
2012-09-10,hr,0.0,0.0,996.330955139,533.498581174,730.0
2012-09-11,hr,0.0,0.0,990.163812455,544.388484017,763.0
2012-09-12,hr,0.0,0.0,949.751280883,498.947943771,743.0
2012-09-13,hr,0.0,0.0,1036.30331245,438.409093063,758.0
2012-09-14,hr,0.0,0.0,1007.51942346,478.601454422,797.0
2012-09-15,hr,0.0,0.0,923.461839651,490.230095929,738.0
2012-09-16,hr,0.0,0.0,966.167275306,488.674089456,728.0
2012-09-17,hr,0.0,0.0,961.387769848,558.479299655,738.0
2012-09-18,hr,0.0,0.0,962.654638895,515.921416826,722.0
2012-09-19,hr,0.0,0.0,963.958819345,537.552314061,716.0
2012-09-20,hr,0.0,0.0,978.73084649,503.629534859,689.0
2012-09-21,hr,0.0,0.0,1085.19016443,449.944732385,702.0
2012-09-22,hr,0.0,0.0,997.068578858,490.235513709,659.0
2012-09-23,hr,0.0,0.0,982.028276436,547.067447716,723.0
2012-09-24,hr,0.0,0.0,921.288386472,538.664193176,703.0
2012-09-25,hr,0.0,0.0,1014.04181317,527.829951947,706.0
2012-09-26,hr,0.0,0.0,1099.39325324,501.394397847,718.0
2012-09-27,hr,0.0,0.0,1095.10832603,515.710837845,736.0
2012-09-28,hr,0.0,0.0,1095.76558359,494.15994447,754.0
2012-09-29,hr,0.0,0.0,1056.34017518,482.754892658,775.0
2012-09-30,hr,0.0,0.0,1013.17780983,507.563444891,780.0
2012-10-01,hr,0.0,0.0,953.85417818,551.628939688,800.0
2012-10-02,hr,0.0,0.0,997.713893598,558.349564842,821.0
2012-10-03,hr,0.0,0.0,979.389547203,558.438775826,807.0
2012-10-04,hr,0.0,0.0,984.698307659,631.51424505,824.0
2012-10-05,hr,0.0,0.0,1080.46039439,585.721631611,806.0
2012-10-06,hr,0.0,0.0,996.59500383,617.193180786,743.0
2012-10-07,hr,0.0,0.0,1078.31215363,606.498461116,743.0
2012-10-08,hr,0.0,0.0,1062.84481772,661.451639091,731.0
2012-10-09,hr,0.0,0.0,1029.72502643,635.512115343,756.0
2012-10-10,hr,0.0,0.0,1020.43017343,599.059705838,721.0
2012-10-11,hr,0.0,0.0,966.467540796,571.063740019,684.0
2012-10-12,hr,0.0,0.0,977.210340197,553.325590029,667.0
2012-10-13,hr,0.0,0.0,967.922263634,521.406422285,718.0
2012-10-14,hr,0.0,0.0,976.931445064,512.38000073,741.0
2012-10-15,hr,0.0,0.0,961.832000624,492.95681559,702.0
2012-10-16,hr,0.0,0.0,976.469937513,520.314757842,703.0
2012-10-17,hr,0.0,0.0,894.739477401,506.314675386,701.0
2012-10-18,hr,0.0,0.0,867.696471234,480.628010179,690.0
2012-10-19,hr,0.0,0.0,818.181925838,455.49955752,654.0
2012-10-20,hr,0.0,0.0,937.042529515,509.221472706,732.0
2012-10-21,hr,0.0,0.0,1003.25240574,486.759123301,749.0
2012-10-22,hr,0.0,0.0,972.426723714,432.700089471,706.0
2012-10-23,hr,0.0,0.0,965.498838954,495.801329615,720.0
2012-10-24,hr,0.0,0.0,936.951377007,520.892200281,690.0
2012-10-25,hr,0.0,0.0,979.467767006,502.679490231,709.0
2012-10-26,hr,0.0,0.0,912.487345926,498.936667674,683.0
2012-10-27,hr,0.0,0.0,972.098051775,499.162275672,710.0
2012-10-28,hr,0.0,0.0,1001.75218684,506.077210138,725.0
2012-10-29,hr,0.0,0.0,1043.244409,472.681975679,727.0
2012-10-30,hr,0.0,0.0,1000.09146755,497.096667814,739.0
2012-10-31,hr,0.0,0.0,901.049591633,453.321125446,701.0
2012-11-01,hr,0.0,0.0,980.787097395,410.719168064,671.0
2012-11-02,hr,0.0,0.0,989.426984606,434.36059549,693.0
2012-11-03,hr,0.0,0.0,964.842127131,470.004051157,700.0
2012-11-04,hr,0.0,0.0,935.793993083,518.128241858,688.0
2012-11-05,hr,0.0,0.0,1042.8780571,568.396845909,787.0
2012-11-06,hr,0.0,0.0,943.150820478,503.200995104,726.0
2012-11-07,hr,0.0,0.0,1006.64057393,471.816444106,707.0
2012-11-08,hr,0.0,0.0,976.946599804,470.594801834,702.0
2012-11-09,hr,0.0,0.0,1054.39225481,431.64532507,719.0
2012-11-10,hr,0.0,0.0,1017.50958052,447.634918951,746.0
2012-11-11,hr,0.0,0.0,992.636478006,456.502310525,732.0
2012-11-12,hr,0.0,0.0,964.477163327,541.047156434,751.0
2012-11-13,hr,0.0,0.0,944.799887801,530.724793768,728.0
2012-11-14,hr,0.0,0.0,963.642762417,484.441453956,700.0
2012-11-15,hr,0.0,0.0,726.054729978,288.761438192,490.0
2012-11-16,hr,0.0,0.0,815.263408844,421.900690026,594.0
2012-11-17,hr,0.0,0.0,968.629457187,531.720582491,690.0
2012-11-18,hr,0.0,0.0,954.227423373,524.04236865,719.0
2012-11-19,hr,0.0,0.0,992.559677529,507.110237057,731.0
2012-11-20,hr,0.0,0.0,1029.56711702,490.393086044,703.0
2012-11-21,hr,0.0,0.0,994.522219923,489.756658573,708.0
2012-11-22,hr,0.0,0.0,1013.74942929,475.900315959,711.0
2012-11-23,hr,0.0,0.0,979.597334435,513.490657067,713.0
2012-11-24,hr,0.0,0.0,918.71175569,526.18482211,714.0
2012-11-25,hr,0.0,0.0,923.554302536,547.398946729,688.0
2012-11-26,hr,0.0,0.0,965.824036902,594.426303144,732.0
2012-11-27,hr,0.0,0.0,956.487040788,558.216312626,714.0
2012-11-28,hr,0.0,0.0,919.79462945,549.829160182,708.0
2012-11-29,hr,0.0,0.0,925.283107188,520.089138705,705.0
2012-11-30,hr,0.0,0.0,967.011083061,500.987033341,730.0
2012-12-01,hr,0.0,0.0,968.768428346,526.346907996,711.0
2012-12-02,hr,0.0,0.0,891.20578136,515.568857864,708.0
2012-12-03,hr,0.0,0.0,929.758323004,533.783330185,744.0
2012-12-04,hr,0.0,0.0,945.557486534,505.922148617,717.0
2012-12-05,hr,0.0,0.0,994.780091352,578.724352466,769.0
2012-12-06,hr,0.0,0.0,937.755189447,569.163132117,722.0
2012-12-07,hr,0.0,0.0,945.115433041,574.846002281,686.0
2012-12-08,hr,0.0,0.0,962.723608298,530.814179781,703.0
2012-12-09,hr,0.0,0.0,981.595033802,535.732740731,679.0
2012-12-10,hr,0.0,0.0,1029.03721391,583.462711892,727.0
2012-12-11,hr,0.0,0.0,961.10778123,574.928964096,757.0
2012-12-12,hr,0.0,0.0,1000.22202945,554.497172544,766.0
2012-12-13,hr,0.0,0.0,941.406463318,539.463662212,757.0
2012-12-14,hr,0.0,0.0,949.995355057,488.805857806,745.0
2012-12-15,hr,0.0,0.0,893.787826445,501.187219975,707.0
2012-12-16,hr,0.0,0.0,882.789009443,502.119431467,737.0
2012-12-17,hr,0.0,0.0,927.920008235,533.478912527,784.0
2012-12-18,hr,0.0,0.0,1007.88914102,572.395043222,794.0
2012-12-19,hr,0.0,0.0,950.196970149,582.615394889,763.0
2012-12-20,hr,0.0,0.0,984.376208994,581.196240722,801.0
2012-12-21,hr,0.0,0.0,954.678078407,561.045108638,757.0
2012-12-22,hr,0.0,0.0,933.975150197,506.82098483,707.0
2012-12-23,hr,0.0,0.0,982.2861537,490.2678407,727.0
2012-12-24,hr,0.0,0.0,1208.01306632,365.12167442,731.0
2012-12-25,hr,0.0,0.0,1152.83187559,348.453053577,692.0
2012-12-26,hr,0.0,0.0,1017.13133809,462.537563747,736.0
2012-12-27,hr,0.0,0.0,1030.59738843,559.85332535,783.0
2012-12-28,hr,0.0,0.0,980.853249845,560.461763331,765.0
2012-12-29,hr,0.0,0.0,944.800453956,542.157812121,759.0
2012-12-30,hr,0.0,0.0,994.565200866,506.280430182,737.0
2012-12-31,hr,0.0,0.0,1052.88380428,449.376914436,709.0
2013-01-01,hr,0.0,0.0,1007.29627347,413.076781397,680.0
2013-01-02,hr,0.0,0.0,1134.16116595,477.879100116,767.0
2013-01-03,hr,0.0,0.0,1069.73411585,570.764801662,785.0
2013-01-04,hr,0.0,0.0,1044.90957434,562.532763794,789.0
2013-01-05,hr,0.0,0.0,1062.00532755,491.756915259,761.0
2013-01-06,hr,0.0,0.0,1186.23641924,461.375348664,803.0
2013-01-07,hr,0.0,0.0,1232.83471074,439.46624823,821.0
2013-01-08,hr,0.0,0.0,1298.89957797,388.32084367,814.0
2013-01-09,hr,0.0,0.0,1178.99812825,485.833687756,801.0
2013-01-10,hr,0.0,0.0,1109.43793711,562.789168836,805.0
2013-01-11,hr,0.0,0.0,1106.38604974,565.467984742,821.0
2013-01-12,hr,0.0,0.0,1094.08836364,556.092725481,803.0
2013-01-13,hr,0.0,0.0,1106.74304025,575.684851983,823.0
2013-01-14,hr,0.0,0.0,1112.71058401,614.315489629,864.0
2013-01-15,hr,0.0,0.0,1070.33122806,606.251033772,828.0
2013-01-16,hr,0.0,0.0,991.146030475,580.929194702,806.0
2013-01-17,hr,0.0,0.0,1058.39403373,585.165710672,843.0
2013-01-18,hr,0.0,0.0,979.334556375,557.40958033,766.0
2013-01-19,hr,0.0,0.0,1004.03872111,530.664769891,769.0
2013-01-20,hr,0.0,0.0,984.452174336,557.289857047,767.0
2013-01-21,hr,0.0,0.0,1043.5724688,598.391330461,817.0
2013-01-22,hr,0.0,0.0,1046.94851757,530.602171545,784.0
2013-01-23,hr,0.0,0.0,1031.48754066,518.230869778,756.0
2013-01-24,hr,0.0,0.0,946.353852977,581.789353022,733.0
2013-01-25,hr,0.0,0.0,1063.19438208,621.239608319,794.0
2013-01-26,hr,0.0,0.0,1029.4794369,535.903247142,710.0
2013-01-27,hr,0.0,0.0,1111.97262676,596.981120696,783.0
2013-01-28,hr,0.0,0.0,1141.03866046,625.966515749,803.0
2013-01-29,hr,0.0,0.0,1148.37408832,583.543544314,807.0
2013-01-30,hr,0.0,0.0,1221.0171279,588.342974403,852.0
2013-01-31,hr,0.0,0.0,1182.60893287,534.299621741,784.0
2013-02-01,hr,0.0,0.0,1122.41389348,534.679193995,772.0
2013-02-02,hr,0.0,0.0,1071.76679638,516.630280222,755.0
2013-02-03,hr,0.0,0.0,876.023899631,446.350868983,650.0
2013-02-04,hr,0.0,0.0,721.758961986,365.62538043,533.0
2013-02-05,hr,0.0,0.0,807.107886891,440.652229077,618.0
2013-02-06,hr,0.0,0.0,1084.47935826,496.69521201,773.0
2013-02-07,hr,0.0,0.0,1068.37433954,455.241016842,770.0
2013-02-08,hr,0.0,0.0,1103.16089928,426.632454892,745.0
2013-02-09,hr,0.0,0.0,1047.56702952,425.717208326,749.0
2013-02-10,hr,0.0,0.0,1052.03690855,481.412780972,783.0
2013-02-11,hr,0.0,0.0,1174.41595598,438.326210552,792.0
2013-02-12,hr,0.0,0.0,1132.8228748,506.274345262,791.0
2013-02-13,hr,0.0,0.0,1029.40964978,584.951311635,790.0
2013-02-14,hr,0.0,0.0,1032.96009652,591.544772158,789.0
2013-02-15,hr,0.0,0.0,964.64872488,556.03372931,746.0
2013-02-16,hr,0.0,0.0,975.133235118,523.014787554,687.0
2013-02-17,hr,0.0,0.0,1078.14136009,506.119729803,725.0
2013-02-18,hr,0.0,0.0,1117.88833319,461.148300003,733.0
2013-02-19,hr,0.0,0.0,1103.72694849,449.508393409,751.0
2013-02-20,hr,0.0,0.0,1009.3223268,530.931046775,707.0
2013-02-21,hr,0.0,0.0,972.000163451,543.413699803,719.0
2013-02-22,hr,0.0,0.0,945.615615811,541.056705233,705.0
2013-02-23,hr,0.0,0.0,915.540124128,519.860652215,710.0
2013-02-24,hr,0.0,0.0,974.427009838,562.806631267,759.0
2013-02-25,hr,0.0,0.0,995.915759917,586.608946445,758.0
2013-02-26,hr,0.0,0.0,999.278495936,612.093944331,763.0
2013-02-27,hr,0.0,0.0,1006.3002944,604.630158263,809.0
2013-02-28,hr,0.0,0.0,1026.55377135,600.365998602,763.0
2013-03-01,hr,0.0,0.0,1036.75465342,579.974379852,767.0
2013-03-02,hr,0.0,0.0,1076.14246462,585.651066306,786.0
2013-03-03,hr,0.0,0.0,1072.98300328,606.764935248,792.0
2013-03-04,hr,0.0,0.0,1016.3797583,576.390756672,770.0
2013-03-05,hr,0.0,0.0,1029.76115433,608.25030565,797.0
2013-03-06,hr,0.0,0.0,1021.68654309,608.796722325,818.0
2013-03-07,hr,0.0,0.0,971.142335131,579.714132971,825.0
2013-03-08,hr,0.0,0.0,949.024285584,550.08432068,790.0
2013-03-09,hr,0.0,0.0,921.630644803,513.18998135,737.0
2013-03-10,hr,0.0,0.0,1113.37603287,539.849339137,805.0
2013-03-11,hr,0.0,0.0,1062.64876041,560.700176298,811.0
2013-03-12,hr,0.0,0.0,1065.52978169,530.143805035,766.0
2013-03-13,hr,0.0,0.0,949.84181859,553.492309815,721.0
2013-03-14,hr,0.0,0.0,1133.9412805,580.240942703,787.0
2013-03-15,hr,0.0,0.0,1187.25074328,540.046680304,784.0
2013-03-16,hr,0.0,0.0,1185.29850277,549.52214828,769.0
2013-03-17,hr,0.0,0.0,1158.51455325,620.078730298,856.0
2013-03-18,hr,0.0,0.0,1241.3919725,625.057699723,914.0
2013-03-19,hr,0.0,0.0,1253.10460314,581.788785894,872.0
2013-03-20,hr,0.0,0.0,1194.57922684,639.545940886,866.0
2013-03-21,hr,0.0,0.0,1148.01519245,630.798028535,872.0
2013-03-22,hr,0.0,0.0,1129.23017968,653.155229623,883.0
2013-03-23,hr,0.0,0.0,1046.83392267,604.902390173,814.0
2013-03-24,hr,0.0,0.0,1101.92116021,666.563917701,872.0
2013-03-25,hr,0.0,0.0,1188.76256681,640.91809058,916.0
2013-03-26,hr,0.0,0.0,1161.76088435,593.422465383,906.0
2013-03-27,hr,0.0,0.0,1175.73996138,579.312982641,888.0
2013-03-28,hr,0.0,0.0,1195.73374672,574.397613002,888.0
2013-03-29,hr,0.0,0.0,1220.29069784,484.280485008,845.0
2013-03-30,hr,0.0,0.0,1088.50236172,554.022000405,823.0
2013-03-31,hr,0.0,0.0,1116.53356764,600.126862498,851.0
2013-04-01,hr,0.0,0.0,1326.49993587,623.72715921,879.0
2013-04-02,hr,0.0,0.0,1240.62789045,627.255640802,914.0
2013-04-03,hr,0.0,0.0,1169.56420347,633.51853355,868.0
2013-04-04,hr,0.0,0.0,1275.739989,609.491675548,901.0
2013-04-05,hr,0.0,0.0,1325.76543908,538.493082285,930.0
2013-04-06,hr,0.0,0.0,1197.92837216,593.089066707,906.0
2013-04-07,hr,0.0,0.0,1189.92790001,613.451948491,910.0
2013-04-08,hr,0.0,0.0,1172.01055953,603.91527317,916.0
2013-04-09,hr,0.0,0.0,1114.21967014,649.684462628,825.0
2013-04-10,hr,0.0,0.0,1073.72638191,646.516886329,831.0
2013-04-11,hr,0.0,0.0,1036.05881496,659.027849685,832.0
2013-04-12,hr,0.0,0.0,1061.15698294,648.780013202,815.0
2013-04-13,hr,0.0,0.0,1001.8533503,558.151871622,755.0
2013-04-14,hr,0.0,0.0,1075.21320548,539.408004433,759.0
2013-04-15,hr,0.0,0.0,1033.51702095,596.766806438,802.0
2013-04-16,hr,0.0,0.0,963.883848443,580.729234594,772.0
2013-04-17,hr,0.0,0.0,945.529261839,574.801450225,761.0
2013-04-18,hr,0.0,0.0,957.62950984,584.217847951,737.0
2013-04-19,hr,0.0,0.0,972.853355666,611.512853761,753.0
2013-04-20,hr,0.0,0.0,958.745874884,561.870280803,725.0
2013-04-21,hr,0.0,0.0,966.258637316,574.780579557,747.0
2013-04-22,hr,0.0,0.0,1040.67380308,600.497660214,772.0
2013-04-23,hr,0.0,0.0,1006.34316748,590.592690307,755.0
2013-04-24,hr,0.0,0.0,966.968903912,575.526748977,715.0
2013-04-25,hr,0.0,0.0,948.777635722,564.682627135,724.0
2013-04-26,hr,0.0,0.0,933.214255666,576.690391204,745.0
2013-04-27,hr,0.0,0.0,981.673254323,606.907242561,790.0
2013-04-28,hr,0.0,0.0,1058.33685873,598.386762141,818.0
2013-04-29,hr,0.0,0.0,1076.08387349,591.493437666,816.0
2013-04-30,hr,0.0,0.0,1077.28530128,535.28361391,791.0
2013-05-01,hr,0.0,0.0,1114.48477856,479.792816069,770.0
2013-05-02,hr,0.0,0.0,1079.03414329,528.409063462,796.0
2013-05-03,hr,0.0,0.0,1074.07595585,547.341485519,787.0
2013-05-04,hr,0.0,0.0,1021.15751211,578.520777987,761.0
2013-05-05,hr,0.0,0.0,1116.14954507,577.999589316,845.0
2013-05-06,hr,0.0,0.0,1017.1141883,656.641463779,918.0
2013-05-07,hr,0.0,0.0,1039.31873056,610.287910557,877.0
2013-05-08,hr,0.0,0.0,1099.85929497,525.91758711,853.0
2013-05-09,hr,0.0,0.0,982.412942355,578.914747194,792.0
2013-05-10,hr,0.0,0.0,958.767168612,550.795787149,756.0
2013-05-11,hr,0.0,0.0,977.133092692,511.297106522,765.0
2013-05-12,hr,0.0,0.0,1067.25048179,553.150764288,756.0
2013-05-13,hr,0.0,0.0,1126.39036218,615.177947645,751.0
2013-05-14,hr,0.0,0.0,1115.63649782,587.292947595,776.0
2013-05-15,hr,0.0,0.0,1114.13463676,582.547696062,797.0
2013-05-16,hr,0.0,0.0,1251.79481042,524.838463174,827.0
2013-05-17,hr,0.0,0.0,1162.17250381,556.460838542,832.0
2013-05-18,hr,0.0,0.0,1169.41152779,567.783839665,799.0
2013-05-19,hr,0.0,0.0,1150.47150723,547.551644143,814.0
2013-05-20,hr,0.0,0.0,1117.49262182,579.833163755,850.0
2013-05-21,hr,0.0,0.0,1081.24853,614.499630446,842.0
2013-05-22,hr,0.0,0.0,1086.92391641,651.471910171,862.0
2013-05-23,hr,0.0,0.0,1078.36164243,587.813996893,845.0
2013-05-24,hr,0.0,0.0,1031.38075283,582.352477424,830.0
2013-05-25,hr,0.0,0.0,1057.52113648,555.407248519,849.0
2013-05-26,hr,0.0,0.0,1064.09115456,571.017042079,846.0
2013-05-27,hr,0.0,0.0,1120.11159204,596.099841097,872.0
2013-05-28,hr,0.0,0.0,1045.4891614,607.483176304,856.0
2013-05-29,hr,0.0,0.0,1064.27279975,664.870838755,825.0
2013-05-30,hr,0.0,0.0,1084.91455789,634.105242471,823.0
2013-05-31,hr,0.0,0.0,1061.12864246,619.244811394,804.0
2013-06-01,hr,0.0,0.0,1044.28531596,635.577673896,797.0
2013-06-02,hr,0.0,0.0,1049.60828031,640.823822947,807.0
2013-06-03,hr,0.0,0.0,1133.13841677,602.792840971,827.0
2013-06-04,hr,0.0,0.0,1168.94085657,615.022816247,847.0
2013-06-05,hr,0.0,0.0,1110.97094719,559.910167399,859.0
2013-06-06,hr,0.0,0.0,1065.68052669,548.178436254,828.0
2013-06-07,hr,0.0,0.0,990.692146863,578.023280488,790.0
2013-06-08,hr,0.0,0.0,1061.80870745,600.3740603,833.0
2013-06-09,hr,0.0,0.0,1043.91789727,600.784878153,835.0
2013-06-10,hr,0.0,0.0,1056.88097889,651.259140339,870.0
2013-06-11,hr,0.0,0.0,1122.64957525,630.127134532,853.0
2013-06-12,hr,0.0,0.0,1157.7058903,567.23178015,828.0
2013-06-13,hr,0.0,0.0,1214.60717119,580.304478299,821.0
2013-06-14,hr,0.0,0.0,1136.37304171,608.736162019,821.0
2013-06-15,hr,0.0,0.0,1015.34394241,553.814689082,764.0
2013-06-16,hr,0.0,0.0,1055.12521634,536.630118609,780.0
2013-06-17,hr,0.0,0.0,1023.95014352,592.607170204,802.0
2013-06-18,hr,0.0,0.0,989.523094665,599.424540536,765.0
2013-06-19,hr,0.0,0.0,1066.86151178,619.992916196,802.0
2013-06-20,hr,0.0,0.0,1057.02471848,652.02461721,809.0
2013-06-21,hr,0.0,0.0,1072.59623859,630.749551131,798.0
2013-06-22,hr,0.0,0.0,1049.64942689,579.976086781,738.0
2013-06-23,hr,0.0,0.0,1059.60624665,565.535887488,710.0
2013-06-24,hr,0.0,0.0,1161.78861438,573.271202436,799.0
2013-06-25,hr,0.0,0.0,1024.28192341,600.686876099,766.0
2013-06-26,hr,0.0,0.0,1058.14270468,603.009824033,837.0
2013-06-27,hr,0.0,0.0,999.900493112,548.741108234,805.0
2013-06-28,hr,0.0,0.0,1035.23793607,581.827094972,835.0
2013-06-29,hr,0.0,0.0,1014.68676833,565.147896941,839.0
2013-06-30,hr,0.0,0.0,1071.50036487,497.364545486,846.0
2013-07-01,hr,0.0,0.0,1167.05523211,566.005764235,880.0
2013-07-02,hr,0.0,0.0,1046.38736684,575.766697365,882.0
2013-07-03,hr,0.0,0.0,1079.82866475,647.92943776,877.0
2013-07-04,hr,0.0,0.0,1115.46835662,648.933522638,851.0
2013-07-05,hr,0.0,0.0,1079.84618248,650.413054934,840.0
2013-07-06,hr,0.0,0.0,1071.19735198,622.03391699,833.0
2013-07-07,hr,0.0,0.0,1107.93454826,604.772142603,843.0
2013-07-08,hr,0.0,0.0,1076.41780577,667.710194558,833.0
2013-07-09,hr,0.0,0.0,1145.7893613,644.588405317,824.0
2013-07-10,hr,0.0,0.0,1137.01691568,600.108017983,848.0
2013-07-11,hr,0.0,0.0,1001.79483328,586.076349033,787.0
2013-07-12,hr,0.0,0.0,970.434732723,544.557624263,727.0
2013-07-13,hr,0.0,0.0,983.562705382,549.051142436,699.0
2013-07-14,hr,0.0,0.0,1016.25351102,553.508244456,741.0
2013-07-15,hr,0.0,0.0,995.217297603,557.764324848,764.0
2013-07-16,hr,0.0,0.0,1074.27986284,589.497345512,817.0
2013-07-17,hr,0.0,0.0,1145.55062194,626.357763618,873.0
2013-07-18,hr,0.0,0.0,1065.05121051,623.38121517,830.0
2013-07-19,hr,0.0,0.0,1044.27752482,577.435306079,824.0
2013-07-20,hr,0.0,0.0,1011.24318069,541.404857746,795.0
2013-07-21,hr,0.0,0.0,1081.87953688,581.326217332,788.0
2013-07-22,hr,0.0,0.0,1026.36719066,577.627594291,765.0
2013-07-23,hr,0.0,0.0,1058.68906019,596.247067241,794.0
2013-07-24,hr,0.0,0.0,1113.7935171,643.286510567,801.0
2013-07-25,hr,0.0,0.0,1074.89029703,610.054440042,811.0
2013-07-26,hr,0.0,0.0,999.01998902,570.611334587,724.0
2013-07-27,hr,0.0,0.0,1101.29177196,536.42800255,752.0
2013-07-28,hr,0.0,0.0,1062.40802698,548.879869835,738.0
2013-07-29,hr,0.0,0.0,1063.06417334,572.529291556,742.0
2013-07-30,hr,0.0,0.0,1068.87866639,564.524360117,746.0
2013-07-31,hr,0.0,0.0,1045.32074241,566.938600282,759.0
2013-08-01,hr,0.0,0.0,1052.66066062,573.531714634,770.0
2013-08-02,hr,0.0,0.0,1003.5199308,551.268581868,756.0
2013-08-03,hr,0.0,0.0,980.978332004,545.326289137,695.0
2013-08-04,hr,0.0,0.0,967.424777963,524.160743936,676.0
2013-08-05,hr,0.0,0.0,950.579548834,540.110327264,689.0
2013-08-06,hr,0.0,0.0,995.986655999,500.437070306,725.0
2013-08-07,hr,0.0,0.0,1008.94521567,514.088743887,720.0
2013-08-08,hr,0.0,0.0,1073.63391112,480.896495884,730.0
2013-08-09,hr,0.0,0.0,1094.49256784,439.343821458,737.0
2013-08-10,hr,0.0,0.0,921.469382601,442.484042109,713.0
2013-08-11,hr,0.0,0.0,901.055035017,437.895541084,748.0
2013-08-12,hr,0.0,0.0,1007.81417539,483.46477743,803.0
2013-08-13,hr,0.0,0.0,1077.75888901,495.891562198,816.0
2013-08-14,hr,0.0,0.0,1049.30345771,448.497097309,770.0
2013-08-15,hr,0.0,0.0,1115.80996254,418.187600278,784.0
2013-08-16,hr,0.0,0.0,1133.50889196,435.976978994,822.0
2013-08-17,hr,0.0,0.0,1138.86864483,519.899568047,847.0
2013-08-18,hr,0.0,0.0,1122.06153239,589.229052828,845.0
2013-08-19,hr,0.0,0.0,1277.17462671,555.928358453,964.0
2013-08-20,hr,0.0,0.0,2784.95594728,-162.657635906,1305.0
2013-08-21,hr,0.0,0.0,4886.92886191,-1101.9568988,1787.0
2013-08-22,hr,0.0,0.0,7078.85998286,-1921.80424647,2663.0
2013-08-23,hr,0.0,0.0,11117.9091051,-3748.59913654,3704.0
2013-08-24,hr,0.0,0.0,12841.360668,-4688.35871382,4183.0
2013-08-25,hr,0.0,0.0,13655.3543423,-4983.02169406,4640.0
2013-08-26,hr,0.0,0.0,16644.6640362,-6459.37071849,5003.0
2013-08-27,hr,0.0,0.0,13208.2434091,-3716.30392642,5450.0
2013-08-28,hr,0.0,0.0,12739.7343539,-2369.78857543,6215.0
2013-08-29,hr,0.0,0.0,12742.8399277,-674.898969201,7049.0
2013-08-30,hr,0.0,0.0,13041.4018523,1273.74386645,7952.0
2013-08-31,hr,0.0,0.0,14919.0100197,1681.39524158,8813.0
2013-09-01,hr,0.0,0.0,18149.0825968,1629.27377774,10760.0
2013-09-02,hr,0.0,0.0,20734.5630046,1819.03419702,12192.0
2013-09-03,hr,0.0,0.0,21739.5952192,2072.88231576,12511.0
2013-09-04,hr,0.0,0.0,22508.2680577,3260.21832987,13544.0
2013-09-05,hr,0.0,0.0,21522.8819048,4447.25419047,13443.0
2013-09-06,hr,0.0,0.0,20666.8360338,6114.52920969,14125.0
2013-09-07,hr,0.0,0.0,18460.6445659,7944.21858559,14235.0
2013-09-08,hr,0.0,0.0,18210.5880387,10185.983115,14400.0
2013-09-09,hr,0.0,0.0,17983.9232096,10161.3829659,14103.0
2013-09-10,hr,0.0,0.0,18522.5600896,11425.138484,15223.0
2013-09-11,hr,0.0,0.0,17609.163673,11999.1172743,14811.0
2013-09-12,hr,0.0,0.0,18168.584281,12488.3032073,15281.0
2013-09-13,hr,0.0,0.0,18355.7630292,12999.7666245,15446.0
2013-09-14,hr,0.0,0.0,18971.2447964,12593.7473423,15387.0
2013-09-15,hr,0.0,0.0,18725.5560516,12888.5492025,15525.0
2013-09-16,hr,0.0,0.0,19562.9703271,12197.9054366,15525.0
2013-09-17,hr,0.0,0.0,19525.7457625,12048.0706903,15786.0
2013-09-18,hr,0.0,0.0,18977.4536785,13049.6582012,15932.0
2013-09-19,hr,0.0,0.0,18484.1704752,12900.7506374,15626.0
2013-09-20,hr,0.0,0.0,17971.3158867,12931.977786,15238.0
2013-09-21,hr,0.0,0.0,17766.9355841,13436.7287594,15692.0
2013-09-22,hr,0.0,0.0,18265.773515,13340.1650339,15838.0
2013-09-23,hr,0.0,0.0,18090.3114808,13175.8028145,15663.0
2013-09-24,hr,0.0,0.0,18029.0578165,13705.6582372,15836.0
2013-09-25,hr,0.0,0.0,17622.5915135,13632.8352717,15757.0
2013-09-26,hr,0.0,0.0,16740.572556,13822.9438606,15336.0
2013-09-27,hr,0.0,0.0,16782.7974744,13556.3205058,15567.0
2013-09-28,hr,0.0,0.0,17491.3354466,13656.0288198,16037.0
2013-09-29,hr,0.0,0.0,17979.1097342,13424.4026298,16558.0
2013-09-30,hr,0.0,0.0,17471.068069,13363.1280561,16052.0
2013-10-01,hr,0.0,0.0,17295.8378982,13641.5615311,15576.0
2013-10-02,hr,0.0,0.0,17303.3511547,13850.4959019,15509.0
2013-10-03,hr,0.0,0.0,16910.0839703,13549.5763473,15336.0
2013-10-04,hr,0.0,0.0,17458.9385733,13442.7889014,15318.0
2013-10-05,hr,0.0,0.0,17941.3441656,13193.369524,15156.0
2013-10-06,hr,0.0,0.0,18271.7208043,13805.6942648,15664.0
2013-10-07,hr,0.0,0.0,17899.489639,13622.8629855,16062.0
2013-10-08,hr,0.0,0.0,17325.5944515,12236.05883,15205.0
2013-10-09,hr,0.0,0.0,17439.1839125,9763.99571251,13386.0
2013-10-10,hr,0.0,0.0,17154.5655574,9161.41321361,12773.0
2013-10-11,hr,0.0,0.0,16935.2828384,9123.48436686,12725.0
2013-10-12,hr,0.0,0.0,17246.9384326,8683.77029313,12693.0
2013-10-13,hr,0.0,0.0,17822.2254555,8833.00609749,12775.0
2013-10-14,hr,0.0,0.0,19297.1100108,8480.97116764,12644.0
2013-10-15,hr,0.0,0.0,18290.471338,8456.95925781,11905.0
2013-10-16,hr,0.0,0.0,15372.015022,9272.02043057,11539.0
2013-10-17,hr,0.0,0.0,14055.096478,9807.33916694,11283.0
2013-10-18,hr,0.0,0.0,14177.4873019,10473.8354776,11633.0
2013-10-19,hr,0.0,0.0,14309.7922112,10224.9445231,11443.0
2013-10-20,hr,0.0,0.0,15097.3764321,9949.70201135,11703.0
2013-10-21,hr,0.0,0.0,14609.9585506,9671.05210628,11458.0
2013-10-22,hr,0.0,0.0,13355.7076796,9876.96456058,11217.0
2013-10-23,hr,0.0,0.0,13504.1254671,9325.71232601,10934.0
2013-10-24,hr,0.0,0.0,13233.2468491,9598.22318727,11152.0
2013-10-25,hr,0.0,0.0,13078.3957923,9607.41596304,11063.0
2013-10-26,hr,0.0,0.0,12640.747915,9718.13459255,11133.0
2013-10-27,hr,0.0,0.0,12897.8897077,9850.7970866,11380.0
2013-10-28,hr,0.0,0.0,13603.1738896,9389.38985289,11386.0
2013-10-29,hr,0.0,0.0,12919.2424558,9268.99480298,10996.0
2013-10-30,hr,0.0,0.0,12486.050621,9316.30496112,10962.0
2013-10-31,hr,0.0,0.0,12466.8092646,9043.27621927,10731.0
2013-11-01,hr,0.0,0.0,13004.9744621,8535.55212096,11051.0
2013-11-02,hr,0.0,0.0,12663.9324778,8952.80387494,11169.0
2013-11-03,hr,0.0,0.0,12736.5640924,9039.5808703,11127.0
2013-11-04,hr,0.0,0.0,13062.9793681,8112.5455654,10893.0
2013-11-05,hr,0.0,0.0,13299.7840661,7516.26842578,10908.0
2013-11-06,hr,0.0,0.0,12154.3345977,8445.55693967,10359.0
2013-11-07,hr,0.0,0.0,11946.3515029,8448.45192832,10064.0
2013-11-08,hr,0.0,0.0,12999.0124174,8188.487275,10209.0
2013-11-09,hr,0.0,0.0,12817.2080733,8590.47094987,10412.0
2013-11-10,hr,0.0,0.0,12437.0372335,9212.81509831,10627.0
2013-11-11,hr,0.0,0.0,12424.0136537,8920.97801503,10399.0
2013-11-12,hr,0.0,0.0,11955.5355288,8859.93093893,9975.0
2013-11-13,hr,0.0,0.0,11513.5084754,8209.88517431,9697.0
2013-11-14,hr,0.0,0.0,11613.0666394,6726.77377457,8888.0
2013-11-15,hr,0.0,0.0,11612.6091673,6252.70854671,8178.0
2013-11-16,hr,0.0,0.0,11503.4335925,6515.96667961,7999.0
2013-11-17,hr,0.0,0.0,11745.7975546,6758.17465105,8162.0
2013-11-18,hr,0.0,0.0,11650.2342758,6217.84727478,7798.0
2013-11-19,hr,0.0,0.0,11601.8997829,5988.14497372,7722.0
2013-11-20,hr,0.0,0.0,10921.2684337,6448.31786524,7868.0
2013-11-21,hr,0.0,0.0,9769.29995342,6908.5574083,7932.0
2013-11-22,hr,0.0,0.0,9246.48962319,6843.25538568,7996.0
2013-11-23,hr,0.0,0.0,8717.84090327,6927.17422291,8026.0
2013-11-24,hr,0.0,0.0,9096.44210049,6919.16777825,8094.0
2013-11-25,hr,0.0,0.0,8850.45478134,6828.14930832,7973.0
2013-11-26,hr,0.0,0.0,8449.18982143,6907.0480475,7892.0
2013-11-27,hr,0.0,0.0,8546.19330702,6979.99733794,7707.0
2013-11-28,hr,0.0,0.0,8835.77141978,6806.16575956,7649.0
2013-11-29,hr,0.0,0.0,8834.33916006,6911.59149419,7631.0
2013-11-30,hr,0.0,0.0,9140.64524218,6917.16240786,7932.0
2013-12-01,hr,0.0,0.0,9270.12221664,7133.02820058,8225.0
2013-12-02,hr,0.0,0.0,8931.58977009,7065.22000501,7874.0
2013-12-03,hr,0.0,0.0,9149.90649548,6638.33713337,7662.0
2013-12-04,hr,0.0,0.0,8694.62187698,6736.30004847,7581.0
2013-12-05,hr,0.0,0.0,8797.30506536,6556.32046227,7556.0
2013-12-06,hr,0.0,0.0,8898.72013348,6266.11095948,7546.0
2013-12-07,hr,0.0,0.0,9151.43731159,6730.62637323,7797.0
2013-12-08,hr,0.0,0.0,9468.97217827,6967.60403646,8084.0
2013-12-09,hr,0.0,0.0,9069.96513073,6724.11172315,7845.0
2013-12-10,hr,0.0,0.0,8671.28337952,6591.20652984,7676.0
2013-12-11,hr,0.0,0.0,8404.67498181,6565.93395064,7509.0
2013-12-12,hr,0.0,0.0,8595.58216537,6331.06916137,7471.0
2013-12-13,hr,0.0,0.0,8534.84337365,6213.254224,7327.0
2013-12-14,hr,0.0,0.0,8727.58418862,6290.32922896,7503.0
2013-12-15,hr,0.0,0.0,8762.21608043,6571.66273887,7630.0
2013-12-16,hr,0.0,0.0,8439.49593173,6532.74663046,7472.0
2013-12-17,hr,0.0,0.0,8577.25459675,6206.62990793,7320.0
2013-12-18,hr,0.0,0.0,8642.91308728,6106.87244662,7432.0
2013-12-19,hr,0.0,0.0,8685.76361883,5944.31740584,7377.0
2013-12-20,hr,0.0,0.0,8229.87071374,5847.33560927,7110.0
2013-12-21,hr,0.0,0.0,8626.36119295,6103.30405375,7285.0
2013-12-22,hr,0.0,0.0,8794.50576248,6044.15579992,7433.0
2013-12-23,hr,0.0,0.0,9253.56353783,5543.74998973,7653.0
2013-12-24,hr,0.0,0.0,9635.27892017,4538.26337201,7560.0
2013-12-25,hr,0.0,0.0,10371.5505948,3244.33166652,7257.0
2013-12-26,hr,0.0,0.0,9708.63292593,4555.02674372,7652.0
2013-12-27,hr,0.0,0.0,9118.1986135,5609.47814437,7767.0
2013-12-28,hr,0.0,0.0,8669.52792653,5793.77990684,7411.0
2013-12-29,hr,0.0,0.0,8577.00153697,6198.82581129,7601.0
2013-12-30,hr,0.0,0.0,9052.49996788,6134.02538488,7623.0
2013-12-31,hr,0.0,0.0,9242.13155954,5428.82296594,7103.0
2014-01-01,hr,0.0,0.0,9760.35322513,4663.32472941,6900.0
2014-01-02,hr,0.0,0.0,10401.1755573,5131.90022194,7511.0
2014-01-03,hr,0.0,0.0,9866.7049785,5875.54135659,7610.0
2014-01-04,hr,0.0,0.0,9021.70911981,5933.96830852,7185.0
2014-01-05,hr,0.0,0.0,9333.34786503,6025.92326376,7232.0
2014-01-06,hr,0.0,0.0,10011.8554944,5407.82352243,7434.0
2014-01-07,hr,0.0,0.0,10552.7652773,4654.25901507,7358.0
2014-01-08,hr,0.0,0.0,12069.7664824,3723.82262788,7428.0
2014-01-09,hr,0.0,0.0,9956.46708939,5212.07167248,7346.0
2014-01-10,hr,0.0,0.0,8909.56623544,5313.26336988,6940.0
2014-01-11,hr,0.0,0.0,8305.55850131,5380.40189803,6795.0
2014-01-12,hr,0.0,0.0,8907.95037006,5875.61409622,7351.0
2014-01-13,hr,0.0,0.0,8612.44333229,6065.34795804,7044.0
2014-01-14,hr,0.0,0.0,8741.37438744,6096.22124191,6961.0
2014-01-15,hr,0.0,0.0,8690.77529695,5979.08824707,6849.0
2014-01-16,hr,0.0,0.0,8540.0070933,6139.85666517,6806.0
2014-01-17,hr,0.0,0.0,8189.57963495,6142.52025669,6953.0
2014-01-18,hr,0.0,0.0,8108.12214732,5959.15213213,7153.0
2014-01-19,hr,0.0,0.0,8322.25890644,6013.44692604,7319.0
2014-01-20,hr,0.0,0.0,8077.10884017,5754.90710302,6938.0
2014-01-21,hr,0.0,0.0,7981.68696625,5891.96107095,6913.0
2014-01-22,hr,0.0,0.0,7950.45440301,5551.73951343,6663.0
2014-01-23,hr,0.0,0.0,8035.45852881,5427.11185298,6709.0
2014-01-24,hr,0.0,0.0,8071.2272073,5738.56960135,6844.0
2014-01-25,hr,0.0,0.0,8452.52720817,5915.08606381,7035.0
2014-01-26,hr,0.0,0.0,8721.69764512,5976.1176212,7170.0
2014-01-27,hr,0.0,0.0,7915.77547958,5977.71545457,6822.0
2014-01-28,hr,0.0,0.0,7687.24974847,5787.04105395,6698.0
2014-01-29,hr,0.0,0.0,7718.85601531,5702.77154345,6747.0
2014-01-30,hr,0.0,0.0,7696.25597623,5594.84541941,6701.0
2014-01-31,hr,0.0,0.0,7568.39460951,6086.22190042,6804.0
2014-02-01,hr,0.0,0.0,8012.80146898,6051.36368879,7085.0
2014-02-02,hr,0.0,0.0,8399.59116558,6027.57086243,7215.0
2014-02-03,hr,0.0,0.0,8251.83879045,5866.41104386,6945.0
2014-02-04,hr,0.0,0.0,7972.62621934,5791.51805253,6812.0
2014-02-05,hr,0.0,0.0,7814.67097992,5799.56148777,6766.0
2014-02-06,hr,0.0,0.0,8219.05864067,5512.93471464,6746.0
2014-02-07,hr,0.0,0.0,8272.83158025,5461.79826502,6608.0
2014-02-08,hr,0.0,0.0,8472.26079691,5697.58907087,6892.0
2014-02-09,hr,0.0,0.0,8485.53996254,5976.06569103,7102.0
2014-02-10,hr,0.0,0.0,8179.06628286,5578.91926997,6843.0
2014-02-11,hr,0.0,0.0,8018.06963194,5589.3913659,6769.0
2014-02-12,hr,0.0,0.0,7572.18894684,5916.40817014,6787.0
2014-02-13,hr,0.0,0.0,7709.79938457,5741.83788366,6639.0
2014-02-14,hr,0.0,0.0,7525.18405525,5678.69973877,6555.0
2014-02-15,hr,0.0,0.0,8058.02714098,5854.54226867,6523.0
2014-02-16,hr,0.0,0.0,8184.19807081,6011.66730682,6708.0
2014-02-17,hr,0.0,0.0,7808.05213387,5864.45417396,6729.0
2014-02-18,hr,0.0,0.0,7681.24808929,5867.68711817,6658.0
2014-02-19,hr,0.0,0.0,7807.6280866,5780.90936572,6529.0
2014-02-20,hr,0.0,0.0,7814.22861091,5614.95045283,6608.0
2014-02-21,hr,0.0,0.0,7702.82873511,5576.48196724,6624.0
2014-02-22,hr,0.0,0.0,7604.41931683,5636.53572015,6850.0
2014-02-23,hr,0.0,0.0,7720.40362994,5769.59626652,6823.0
2014-02-24,hr,0.0,0.0,7486.78349948,5800.12358847,6500.0
2014-02-25,hr,0.0,0.0,7319.16892189,5666.01818359,6247.0
2014-02-26,hr,0.0,0.0,7298.12305378,5515.29486117,6200.0
2014-02-27,hr,0.0,0.0,7227.00029612,5559.95041329,6113.0
2014-02-28,hr,0.0,0.0,7284.80011725,5617.09113212,6097.0
2014-03-01,hr,0.0,0.0,7673.05456389,5704.17061755,6379.0
2014-03-02,hr,0.0,0.0,7846.73518474,5552.78752489,6486.0
2014-03-03,hr,0.0,0.0,7636.17486119,5363.36714686,6346.0
2014-03-04,hr,0.0,0.0,7417.50852878,5233.42544718,6285.0
2014-03-05,hr,0.0,0.0,7541.9972657,5153.53329591,6277.0
2014-03-06,hr,0.0,0.0,7159.86687472,5190.03755527,6185.0
2014-03-07,hr,0.0,0.0,7206.04240645,5191.70374839,6227.0
2014-03-08,hr,0.0,0.0,7749.80792649,5084.30685282,6368.0
2014-03-09,hr,0.0,0.0,7661.74467332,5263.47638719,6319.0
2014-03-10,hr,0.0,0.0,7668.11101809,4953.30806973,6154.0
2014-03-11,hr,0.0,0.0,7596.37809488,5023.23881707,6083.0
2014-03-12,hr,0.0,0.0,7164.58851717,5141.46763317,5972.0
2014-03-13,hr,0.0,0.0,7238.13578803,5010.59459911,5783.0
2014-03-14,hr,0.0,0.0,7048.99657467,4957.53689288,5682.0
2014-03-15,hr,0.0,0.0,7484.83070574,5055.13185091,5887.0
2014-03-16,hr,0.0,0.0,7697.10530254,4916.17252899,6026.0
2014-03-17,hr,0.0,0.0,7185.36788533,5170.30901641,5916.0
2014-03-18,hr,0.0,0.0,6838.95187195,5042.54240278,5719.0
2014-03-19,hr,0.0,0.0,6788.22049814,4954.6789283,5781.0
2014-03-20,hr,0.0,0.0,6784.34174971,4979.83587608,5836.0
2014-03-21,hr,0.0,0.0,6665.14788512,4913.29358396,5720.0
2014-03-22,hr,0.0,0.0,7334.86516271,4539.00840743,5897.0
2014-03-23,hr,0.0,0.0,7499.65874983,4714.40744465,6306.0
2014-03-24,hr,0.0,0.0,6997.40879348,4831.94465917,6129.0
2014-03-25,hr,0.0,0.0,6503.51397751,4619.43029024,5712.0
2014-03-26,hr,0.0,0.0,6388.06746495,4687.36793836,5618.0
2014-03-27,hr,0.0,0.0,6745.50774077,4924.33350305,5896.0
2014-03-28,hr,0.0,0.0,6552.02274695,4837.68554434,5788.0
2014-03-29,hr,0.0,0.0,7040.08342128,4736.62058218,5763.0
2014-03-30,hr,0.0,0.0,7756.77999854,4746.27046376,5910.0
2014-03-31,hr,0.0,0.0,7273.42575477,4854.66913621,5729.0
2014-04-01,hr,0.0,0.0,6793.06385136,5168.08601345,5821.0
2014-04-02,hr,0.0,0.0,6586.75975921,5172.07772131,5755.0
2014-04-03,hr,0.0,0.0,6726.81710888,5028.31826007,5746.0
2014-04-04,hr,0.0,0.0,6781.3602692,5068.1916391,5844.0
2014-04-05,hr,0.0,0.0,6966.82573986,4766.82746689,6061.0
2014-04-06,hr,0.0,0.0,7774.5975831,4719.74462461,6251.0
2014-04-07,hr,0.0,0.0,7351.2769272,5200.69044936,6392.0
2014-04-08,hr,0.0,0.0,6514.15319186,4409.78539792,5483.0
2014-04-09,hr,0.0,0.0,6056.75218993,4477.99703043,5403.0
2014-04-10,hr,0.0,0.0,6109.08627903,4456.63751465,5362.0
2014-04-11,hr,0.0,0.0,6469.57390034,4508.22720974,5472.0
2014-04-12,hr,0.0,0.0,6809.92226836,4530.42203412,5530.0
2014-04-13,hr,0.0,0.0,6999.51470029,4431.43982606,5800.0
2014-04-14,hr,0.0,0.0,6630.03321815,4587.32671981,5875.0
2014-04-15,hr,0.0,0.0,6572.49122402,4487.38686284,6038.0
2014-04-16,hr,0.0,0.0,7082.05582807,4604.78186562,6347.0
2014-04-17,hr,0.0,0.0,7523.03052157,4322.73382703,6411.0
2014-04-18,hr,0.0,0.0,6294.95358476,2533.73660026,4812.0
2014-04-19,hr,0.0,0.0,5874.32679627,2961.37768263,4645.0
2014-04-20,hr,0.0,0.0,6004.76186648,3257.59025959,4767.0
2014-04-21,hr,0.0,0.0,6171.95932495,3814.6081155,5069.0
2014-04-22,hr,0.0,0.0,6217.1922752,4339.09611002,5031.0
2014-04-23,hr,0.0,0.0,6554.08113785,4258.25751509,5015.0
2014-04-24,hr,0.0,0.0,6868.2694759,4138.81152492,5122.0
2014-04-25,hr,0.0,0.0,7855.75129439,3174.17910799,5132.0
2014-04-26,hr,0.0,0.0,7033.07595752,3686.50884114,5185.0
2014-04-27,hr,0.0,0.0,6922.48910283,3841.73407839,5286.0
2014-04-28,hr,0.0,0.0,6098.77383523,4442.55121971,5229.0
2014-04-29,hr,0.0,0.0,5968.58231652,4342.10692664,5234.0
2014-04-30,hr,0.0,0.0,6104.35749922,4047.57262801,5087.0
2014-05-01,hr,0.0,0.0,6860.2502587,3427.88140896,5240.0
2014-05-02,hr,0.0,0.0,6720.45112291,3814.18410914,5439.0
2014-05-03,hr,0.0,0.0,6509.21421972,3930.64798665,5355.0
2014-05-04,hr,0.0,0.0,6672.43277705,4004.52410676,5446.0
2014-05-05,hr,0.0,0.0,6233.66663946,4308.38028915,5514.0
2014-05-06,hr,0.0,0.0,6173.93048488,4426.83205733,5391.0
2014-05-07,hr,0.0,0.0,6112.87205415,4201.3764191,5246.0
2014-05-08,hr,0.0,0.0,7135.3567586,3744.30467839,5189.0
2014-05-09,hr,0.0,0.0,6274.03013926,4420.28379804,4972.0
2014-05-10,hr,0.0,0.0,6501.20836051,4310.03887376,5133.0
2014-05-11,hr,0.0,0.0,6695.46837183,4575.25696025,5415.0
2014-05-12,hr,0.0,0.0,6558.1219851,4880.21936109,5475.0
2014-05-13,hr,0.0,0.0,6458.19693032,4737.14616594,5533.0
2014-05-14,hr,0.0,0.0,6104.14703862,4629.98163184,5265.0
2014-05-15,hr,0.0,0.0,4821.95163878,3574.8020237,4160.0
2014-05-16,hr,0.0,0.0,6062.71900813,3986.98274082,5105.0
2014-05-17,hr,0.0,0.0,6382.31403568,4343.78684454,5363.0
2014-05-18,hr,0.0,0.0,6378.90150348,4494.15429736,5287.0
2014-05-19,hr,0.0,0.0,6232.85108853,4676.19277558,5105.0
2014-05-20,hr,0.0,0.0,6201.34733584,4558.06624027,4933.0
2014-05-21,hr,0.0,0.0,6198.90982903,4436.36623657,4947.0
2014-05-22,hr,0.0,0.0,6194.84620667,4364.57567299,5027.0
2014-05-23,hr,0.0,0.0,6319.65435295,4276.794163,4996.0
2014-05-24,hr,0.0,0.0,6409.23072777,4148.4302096,4962.0
2014-05-25,hr,0.0,0.0,6197.65250051,4258.55579824,4986.0
2014-05-26,hr,0.0,0.0,5972.11490528,4281.24411037,5140.0
2014-05-27,hr,0.0,0.0,5897.13043068,4226.47076391,5152.0
2014-05-28,hr,0.0,0.0,5892.29901076,4086.36059184,5152.0
2014-05-29,hr,0.0,0.0,6052.95464272,4083.3836803,5075.0
2014-05-30,hr,0.0,0.0,5817.28972404,4234.04721262,5008.0
2014-05-31,hr,0.0,0.0,5852.75640818,4089.33026137,5030.0
2014-06-01,hr,0.0,0.0,6050.62073082,4102.59633812,5252.0
2014-06-02,hr,0.0,0.0,6112.14299641,4328.06615477,5198.0
2014-06-03,hr,0.0,0.0,5947.16872729,4365.01901548,5092.0
2014-06-04,hr,0.0,0.0,6108.61766199,4330.76525931,5087.0
2014-06-05,hr,0.0,0.0,5950.81303071,4278.00481933,5117.0
2014-06-06,hr,0.0,0.0,5935.85471424,4153.15256357,5040.0
2014-06-07,hr,0.0,0.0,6138.70063176,3966.31000804,4998.0
2014-06-08,hr,0.0,0.0,6521.3911973,3922.91067546,5090.0
2014-06-09,hr,0.0,0.0,6283.56238327,4152.37545409,5142.0
2014-06-10,hr,0.0,0.0,5892.02366042,4420.78459048,5073.0
2014-06-11,hr,0.0,0.0,5725.2197306,4330.97644479,4968.0
2014-06-12,hr,0.0,0.0,5852.22261238,4159.53580642,4879.0
2014-06-13,hr,0.0,0.0,5977.56782376,4166.32649776,4928.0
2014-06-14,hr,0.0,0.0,6341.66931446,3864.51235084,5098.0
2014-06-15,hr,0.0,0.0,6429.97349173,4019.59063121,5270.0
2014-06-16,hr,0.0,0.0,6063.42557877,4390.83573811,5494.0
2014-06-17,hr,0.0,0.0,5851.05599778,4285.04308509,5376.0
2014-06-18,hr,0.0,0.0,5804.07651179,4124.93234843,5207.0
2014-06-19,hr,0.0,0.0,5794.21771001,4072.37159202,5044.0
2014-06-20,hr,0.0,0.0,5785.444257,4029.5000595,5096.0
2014-06-21,hr,0.0,0.0,6178.32449261,3998.56001374,4998.0
2014-06-22,hr,0.0,0.0,6092.98430961,4249.64832819,5057.0
2014-06-23,hr,0.0,0.0,6257.34058442,4577.95247887,5195.0
2014-06-24,hr,0.0,0.0,6224.18182829,4502.33966952,5152.0
2014-06-25,hr,0.0,0.0,6205.2209096,4435.49516137,5378.0
2014-06-26,hr,0.0,0.0,6127.78767463,4128.51953479,5340.0
2014-06-27,hr,0.0,0.0,6116.39161576,4040.71929306,5062.0
2014-06-28,hr,0.0,0.0,5850.28133206,3716.03543358,4719.0
2014-06-29,hr,0.0,0.0,6046.438266,3869.86488283,4998.0
2014-06-30,hr,0.0,0.0,6112.96148476,4098.96033737,5374.0
2014-07-01,hr,0.0,0.0,6129.01380475,4111.64331606,5270.0
2014-07-02,hr,0.0,0.0,6356.42638026,4120.16055039,5008.0
2014-07-03,hr,0.0,0.0,6277.01693784,4163.3314671,4959.0
2014-07-04,hr,0.0,0.0,6000.9393729,4008.31685894,4913.0
2014-07-05,hr,0.0,0.0,5393.98996184,3672.61187167,4536.0
2014-07-06,hr,0.0,0.0,6287.79679833,3995.9584628,4957.0
2014-07-07,hr,0.0,0.0,6511.70260115,4451.9303263,5161.0
2014-07-08,hr,0.0,0.0,6246.81571506,4255.39865959,5160.0
2014-07-09,hr,0.0,0.0,6041.54819665,3973.51846157,5129.0
2014-07-10,hr,0.0,0.0,5996.73664596,4089.15549418,5322.0
2014-07-11,hr,0.0,0.0,6084.41148764,3922.35607623,5168.0
2014-07-12,hr,0.0,0.0,5991.43179713,3804.7708264,4868.0
2014-07-13,hr,0.0,0.0,5739.88698819,4235.77242207,5091.0
2014-07-14,hr,0.0,0.0,5585.19684266,3775.24583027,4637.0
2014-07-15,hr,0.0,0.0,6409.95947698,4162.01850686,5082.0
2014-07-16,hr,0.0,0.0,6728.2180774,3938.68478605,5073.0
2014-07-17,hr,0.0,0.0,6547.87826253,4207.86177274,4972.0
2014-07-18,hr,0.0,0.0,6528.48945278,3935.96582918,4856.0
2014-07-19,hr,0.0,0.0,5978.07832574,3796.6809496,4598.0
2014-07-20,hr,0.0,0.0,5890.20991201,4174.75790617,4682.0
2014-07-21,hr,0.0,0.0,5970.83718107,4370.11961523,5038.0
2014-07-22,hr,0.0,0.0,5790.69431154,4319.07022935,5094.0
2014-07-23,hr,0.0,0.0,5643.37528329,3984.80703049,4850.0
2014-07-24,hr,0.0,0.0,5974.17116979,4039.46504263,4988.0
2014-07-25,hr,0.0,0.0,5751.87052965,3897.21649917,4761.0
2014-07-26,hr,0.0,0.0,5668.09208568,3482.76171189,4571.0
2014-07-27,hr,0.0,0.0,5606.35020308,3679.39286139,4754.0
2014-07-28,hr,0.0,0.0,5764.45761867,4102.89698737,4884.0
2014-07-29,hr,0.0,0.0,6007.95922313,4078.2769776,4953.0
2014-07-30,hr,0.0,0.0,6218.27041434,3938.96888109,5035.0
2014-07-31,hr,0.0,0.0,6166.16035342,3721.95649643,4901.0
2014-08-01,hr,0.0,0.0,5937.65267065,3697.09671779,4761.0
2014-08-02,hr,0.0,0.0,6011.61370347,3518.58164187,4553.0
2014-08-03,hr,0.0,0.0,6753.66922154,3264.25537719,4549.0
2014-08-04,hr,0.0,0.0,6986.90672715,3575.04592767,4773.0
2014-08-05,hr,0.0,0.0,6800.9636644,3883.16417508,4867.0
2014-08-06,hr,0.0,0.0,7164.06767696,3754.06294225,5076.0
2014-08-07,hr,0.0,0.0,6673.37737458,3931.47667143,5051.0
2014-08-08,hr,0.0,0.0,6215.54076437,3866.65566175,4888.0
2014-08-09,hr,0.0,0.0,5924.61699685,3630.23526029,4681.0
2014-08-10,hr,0.0,0.0,5623.93184411,3800.55189456,4677.0
2014-08-11,hr,0.0,0.0,5898.72588694,3762.12833959,4895.0
2014-08-12,hr,0.0,0.0,5967.42317563,3863.68978462,4951.0
2014-08-13,hr,0.0,0.0,6228.40738642,4023.33071513,4954.0
2014-08-14,hr,0.0,0.0,6173.85165821,3937.1084726,4990.0
2014-08-15,hr,0.0,0.0,6602.89768047,3128.56527181,4849.0
2014-08-16,hr,0.0,0.0,5831.52854972,3540.60227858,4702.0
2014-08-17,hr,0.0,0.0,5781.80950233,3784.37856332,4852.0
2014-08-18,hr,0.0,0.0,5848.94351435,4057.17009257,5112.0
2014-08-19,hr,0.0,0.0,5771.57605911,4040.15640656,5123.0
2014-08-20,hr,0.0,0.0,5721.85978478,4167.80856701,5222.0
2014-08-21,hr,0.0,0.0,6154.67298534,4056.87442314,5182.0
2014-08-22,hr,0.0,0.0,6155.4475934,3114.82750871,4686.0
2014-08-23,hr,0.0,0.0,6069.41647607,3718.28760161,5116.0
2014-08-24,hr,0.0,0.0,6156.858588,3939.34815723,5271.0
2014-08-25,hr,0.0,0.0,6587.97960081,4116.50579401,5332.0
2014-08-26,hr,0.0,0.0,6486.22321766,4270.85814328,5314.0
2014-08-27,hr,0.0,0.0,6127.1949914,4516.60091125,5410.0
2014-08-28,hr,0.0,0.0,5900.66387454,4488.7432082,5300.0
2014-08-29,hr,0.0,0.0,6486.49288367,3868.32640701,5087.0
2014-08-30,hr,0.0,0.0,6262.06315005,4037.6464058,4807.0
2014-08-31,hr,0.0,0.0,6310.25629792,4168.17160231,4947.0
2014-09-01,hr,0.0,0.0,6397.6862222,4241.96755014,5393.0
2014-09-02,hr,0.0,0.0,6498.72250229,4185.45571477,5706.0
2014-09-03,hr,0.0,0.0,6463.67171457,4274.61602799,5535.0
2014-09-04,hr,0.0,0.0,6437.13254023,4210.19538211,5535.0
2014-09-05,hr,0.0,0.0,6156.90103682,4082.39368965,5340.0
2014-09-06,hr,0.0,0.0,5790.81311889,3875.33659257,5143.0
2014-09-07,hr,0.0,0.0,5997.80072454,3893.6907128,5118.0
2014-09-08,hr,0.0,0.0,6465.46468869,4168.23381427,5107.0
2014-09-09,hr,0.0,0.0,6359.72129696,4810.2908902,4974.0
2014-09-10,hr,0.0,0.0,6234.0460901,4849.32869657,5105.0
2014-09-11,hr,0.0,0.0,6097.78299816,4757.26673446,5117.0
2014-09-12,hr,0.0,0.0,6035.46852069,4528.05206167,5005.0
2014-09-13,hr,0.0,0.0,5946.49379169,4323.93560122,5012.0
2014-09-14,hr,0.0,0.0,5914.93331546,4425.20300424,5091.0
2014-09-15,hr,0.0,0.0,6085.07540024,4386.64181808,5081.0
2014-09-16,hr,0.0,0.0,5769.77740975,4218.23900141,4951.0
2014-09-17,hr,0.0,0.0,5961.22368505,4167.29248671,4832.0
2014-09-18,hr,0.0,0.0,6152.40986007,4217.94422675,4787.0
2014-09-19,hr,0.0,0.0,5948.89824988,4029.68267207,4667.0
2014-09-20,hr,0.0,0.0,5838.49341515,4171.15267468,4710.0
2014-09-21,hr,0.0,0.0,5984.22103419,4278.96277176,4900.0
2014-09-22,hr,0.0,0.0,5810.99405711,4224.20229474,4933.0
2014-09-23,hr,0.0,0.0,5749.73360774,4191.1229796,4847.0
2014-09-24,hr,0.0,0.0,5866.79025182,3850.65397136,4700.0
2014-09-25,hr,0.0,0.0,5457.81643901,3645.57836208,4508.0
2014-09-26,hr,0.0,0.0,5828.41810427,3710.81769026,4706.0
2014-09-27,hr,0.0,0.0,5785.23320128,3833.823469,4592.0
2014-09-28,hr,0.0,0.0,5368.55558757,3907.7841466,4435.0
2014-09-29,hr,0.0,0.0,5768.00987415,4005.89550039,4628.0
2014-09-30,hr,0.0,0.0,5611.83277782,3973.30927971,4623.0
2014-10-01,hr,0.0,0.0,5439.04496779,4019.3810184,4686.0
2014-10-02,hr,0.0,0.0,5500.60104694,4034.02587831,4729.0
2014-10-03,hr,0.0,0.0,5490.32668645,3839.2494222,4666.0
2014-10-04,hr,0.0,0.0,4424.80475321,2697.49872931,3615.0
2014-10-06,hr,0.0,0.0,5314.62930539,3504.72826677,4381.0
2014-10-07,hr,0.0,0.0,5378.85088142,3958.35918239,4583.0
2014-10-08,hr,0.0,0.0,5534.75967819,3972.73044741,4758.0
2014-10-09,hr,0.0,0.0,5493.17953198,4046.43514801,4666.0
2014-10-10,hr,0.0,0.0,5868.21207207,3776.30477162,4644.0
2014-10-11,hr,0.0,0.0,5714.53146303,3724.01534273,4572.0
2014-10-13,hr,0.0,0.0,5683.1428078,3791.42992398,4683.0
2014-10-14,hr,0.0,0.0,5392.89783791,3868.96707391,4712.0
2014-10-15,hr,0.0,0.0,5313.99234011,4108.64029034,4753.0
2014-10-16,hr,0.0,0.0,5276.01930398,3995.12383648,4731.0
2014-10-17,hr,0.0,0.0,5351.96637423,3877.97831198,4623.0
2014-10-18,hr,0.0,0.0,5257.19265388,3879.91634386,4570.0
2014-10-19,hr,0.0,0.0,5471.8253576,3885.47618339,4646.0
2014-10-20,hr,0.0,0.0,5390.37965291,3918.36174952,4648.0
2014-10-21,hr,0.0,0.0,5429.29546361,3926.41469807,4607.0
2014-10-22,hr,0.0,0.0,5375.62599076,4135.71701239,4634.0
2014-10-23,hr,0.0,0.0,5507.48385492,3991.19295724,4722.0
2014-10-24,hr,0.0,0.0,5217.72656025,4002.90282943,4720.0
2014-10-25,hr,0.0,0.0,5231.50514775,3928.1568618,4784.0
2014-10-26,hr,0.0,0.0,5313.0356249,4014.17962905,4824.0
2014-10-27,hr,0.0,0.0,5499.89132393,3940.31915358,4886.0
2014-10-28,hr,0.0,0.0,5319.67643052,3923.32559257,5268.0
2014-10-29,hr,0.0,0.0,5372.75527584,3885.66249278,5350.0
2014-10-30,hr,0.0,0.0,5482.17851033,3965.32379087,5160.0
2014-10-31,hr,0.0,0.0,5615.95023782,3870.63586734,5051.0
2014-11-01,hr,0.0,0.0,5739.71269605,3878.11805745,4977.0
2014-11-02,hr,0.0,0.0,6114.90879196,3803.52026985,5239.0
2014-11-03,hr,0.0,0.0,5920.268087,3802.09757881,5277.0
2014-11-04,hr,0.0,0.0,6335.50746911,4432.2077684,5212.0
2014-11-05,hr,0.0,0.0,6491.50127161,4352.04460981,5085.0
2014-11-06,hr,0.0,0.0,6065.20579614,4394.03688077,5151.0
2014-11-07,hr,0.0,0.0,6048.68738898,4207.35456421,5078.0
2014-11-08,hr,0.0,0.0,6050.81294564,4120.28961226,4945.0
2014-11-09,hr,0.0,0.0,6135.78870497,4283.81941264,4960.0
2014-11-10,hr,0.0,0.0,6135.17010816,4522.65256203,4982.0
2014-11-11,hr,0.0,0.0,6104.3170506,4333.73151618,5047.0
2014-11-12,hr,0.0,0.0,5777.1367895,4461.02177413,5003.0
2014-11-13,hr,0.0,0.0,5807.18075171,4432.98829872,4906.0
2014-11-14,hr,0.0,0.0,5796.29243711,4331.28344995,4865.0
2014-11-15,hr,0.0,0.0,5913.62259452,4053.72641319,4944.0
2014-11-16,hr,0.0,0.0,5828.28254998,4261.44878306,5006.0
2014-11-17,hr,0.0,0.0,5780.39817351,4235.97444041,4931.0
2014-11-18,hr,0.0,0.0,5575.36581796,4239.92167978,4771.0
2014-11-19,hr,0.0,0.0,5400.16881952,4310.52457003,4591.0
2014-11-20,hr,0.0,0.0,5001.29119377,3896.98684193,4248.0
2014-11-21,hr,0.0,0.0,5010.69908805,3916.99793029,4313.0
2014-11-22,hr,0.0,0.0,5530.38437765,4071.60221695,4680.0
2014-11-23,hr,0.0,0.0,5704.07141462,4004.98494521,4707.0
2014-11-24,hr,0.0,0.0,5828.11207987,3856.1927348,4704.0
2014-11-25,hr,0.0,0.0,5326.44516478,4122.25628207,4632.0
2014-11-26,hr,0.0,0.0,5606.40600245,3717.51310954,4649.0
2014-11-27,hr,0.0,0.0,6926.88263969,3158.1373278,4998.0
2014-11-28,hr,0.0,0.0,5823.2702006,3670.07969201,4712.0
2014-11-29,hr,0.0,0.0,5212.88404446,4074.17712398,4546.0
2014-11-30,hr,0.0,0.0,5330.47544349,4038.5210288,4726.0
2014-12-01,hr,0.0,0.0,5558.91389247,3871.23834462,4728.0
2014-12-02,hr,0.0,0.0,5330.71172752,4053.0755851,4775.0
2014-12-03,hr,0.0,0.0,5496.24453561,3852.11957938,4869.0
2014-12-04,hr,0.0,0.0,6419.13911068,3172.39339741,5037.0
2014-12-05,hr,0.0,0.0,5609.33644068,3808.94207989,5095.0
2014-12-06,hr,0.0,0.0,5602.3877614,3729.55963193,5126.0
2014-12-07,hr,0.0,0.0,5684.30648907,3893.60620843,5081.0
2014-12-08,hr,0.0,0.0,5740.91235404,3768.35190612,4937.0
2014-12-09,hr,0.0,0.0,5533.80626945,4019.32101024,4687.0
2014-12-10,hr,0.0,0.0,5552.34709495,4173.1535925,4591.0
2014-12-11,hr,0.0,0.0,5672.66531745,4318.79657331,4636.0
2014-12-12,hr,0.0,0.0,5772.11814405,4259.94760777,4530.0
2014-12-13,hr,0.0,0.0,5716.70132861,4322.62441249,4467.0
2014-12-14,hr,0.0,0.0,5795.4536947,4229.89662727,4603.0
2014-12-15,hr,0.0,0.0,5738.81265044,4067.17304801,4649.0
2014-12-16,hr,0.0,0.0,5446.73088096,3881.41131762,4637.0
2014-12-17,hr,0.0,0.0,5164.66118268,3885.12337262,4518.0
2014-12-18,hr,0.0,0.0,5255.57854991,3937.1433728,4520.0
2014-12-19,hr,0.0,0.0,5188.39685415,3848.80339827,4457.0
2014-12-20,hr,0.0,0.0,5036.88680379,3784.64340365,4298.0
2014-12-21,hr,0.0,0.0,5220.6669421,3745.12627925,4302.0
2014-12-22,hr,0.0,0.0,5591.67369086,3597.07342945,4348.0
2014-12-23,hr,0.0,0.0,5615.38282067,3417.53676166,4325.0
2014-12-24,hr,0.0,0.0,5616.71809007,2839.59080101,4301.0
2014-12-25,hr,0.0,0.0,6328.48003385,1912.98057975,4250.0
2014-12-26,hr,0.0,0.0,6373.79630826,3095.62220405,4945.0
2014-12-27,hr,0.0,0.0,4743.80279008,3182.99374731,4212.0
2014-12-28,hr,0.0,0.0,5006.28898126,3393.26941619,4556.0
2014-12-29,hr,0.0,0.0,5213.10516077,3390.98704776,4650.0
2014-12-30,hr,0.0,0.0,5320.91200094,3325.01093009,4657.0
2014-12-31,hr,0.0,0.0,5350.41652393,3218.44962693,4415.0
2015-01-01,hr,0.0,0.0,5778.64564474,2756.05221481,4190.0
2015-01-02,hr,0.0,0.0,6311.28475918,2809.64439512,4534.0
2015-01-03,hr,0.0,0.0,6006.42234204,3232.35824874,4519.0
2015-01-04,hr,0.0,0.0,5922.09617062,3858.44892717,4596.0
2015-01-05,hr,0.0,0.0,5980.90116024,3905.96103489,4733.0
2015-01-06,hr,0.0,0.0,6255.84335973,3753.86984912,4715.0
2015-01-07,hr,0.0,0.0,6813.53716019,3354.9424922,4762.0
2015-01-08,hr,0.0,0.0,7762.25024509,2520.92761991,4799.0
2015-01-09,hr,0.0,0.0,7294.14991711,2964.73565135,4739.0
2015-01-10,hr,0.0,0.0,5335.00656824,3048.60207799,3905.0
2015-01-11,hr,0.0,0.0,5617.899984,3795.25033613,4624.0
2015-01-12,hr,0.0,0.0,5743.47015465,3748.21076958,4641.0
2015-01-13,hr,0.0,0.0,5594.6214297,3748.10982272,4544.0
2015-01-14,hr,0.0,0.0,5617.41432867,3730.61301451,4527.0
2015-01-15,hr,0.0,0.0,5405.5591778,3978.4273366,4502.0
2015-01-16,hr,0.0,0.0,5347.62800144,3784.06492522,4361.0
2015-01-17,hr,0.0,0.0,4980.45047829,3439.96479242,4235.0
2015-01-18,hr,0.0,0.0,5405.97355417,3648.57289436,4579.0
2015-01-19,hr,0.0,0.0,5403.77433972,3797.37550004,4614.0
2015-01-20,hr,0.0,0.0,5449.99233882,3627.2900238,4585.0
2015-01-21,hr,0.0,0.0,5277.90746745,3763.7403408,4491.0
2015-01-22,hr,0.0,0.0,5156.10638123,3812.24733679,4483.0
2015-01-23,hr,0.0,0.0,5235.03786694,3598.06365983,4462.0
2015-01-24,hr,0.0,0.0,5340.56460413,3595.6602419,4516.0
2015-01-25,hr,0.0,0.0,5543.31091274,3619.62329566,4558.0
2015-01-26,hr,0.0,0.0,5365.74411838,3848.00161573,4551.0
2015-01-27,hr,0.0,0.0,5450.86439761,3626.29046665,4368.0
2015-01-28,hr,0.0,0.0,5344.34917651,3591.42602164,4328.0
2015-01-29,hr,0.0,0.0,5135.44957165,3831.01910202,4353.0
2015-01-30,hr,0.0,0.0,5000.41964349,3843.21491707,4320.0
2015-01-31,hr,0.0,0.0,5203.15406814,3794.75181245,4323.0
2015-02-01,hr,0.0,0.0,5363.87812783,3867.24186409,4399.0
2015-02-02,hr,0.0,0.0,5379.48050288,3750.39148758,4367.0
2015-02-03,hr,0.0,0.0,5240.47304247,3674.28027207,4360.0
2015-02-04,hr,0.0,0.0,5113.94322064,3811.57262001,4407.0
2015-02-05,hr,0.0,0.0,5168.22862264,3785.92366,4527.0
2015-02-06,hr,0.0,0.0,5212.776428,3711.3287744,4455.0
2015-02-07,hr,0.0,0.0,5255.02528773,3565.92460291,4360.0
2015-02-08,hr,0.0,0.0,5479.67427117,3543.39993112,4474.0
2015-02-09,hr,0.0,0.0,5332.58722988,3524.81172238,4378.0
2015-02-10,hr,0.0,0.0,5293.09103303,3534.61844448,4316.0
2015-02-11,hr,0.0,0.0,5265.93936748,3549.43040001,4352.0
2015-02-12,hr,0.0,0.0,5139.36007939,3728.34139845,4243.0
2015-02-13,hr,0.0,0.0,5011.63711924,3629.56900729,4196.0
2015-02-14,hr,0.0,0.0,5052.07373402,3538.07668681,4080.0
2015-02-15,hr,0.0,0.0,5338.64491878,3436.52483385,4158.0
2015-02-16,hr,0.0,0.0,5274.4324083,3539.07613933,4260.0
2015-02-17,hr,0.0,0.0,5213.5566369,3366.58000266,4174.0
2015-02-18,hr,0.0,0.0,5383.37891726,3240.77415574,4203.0
2015-02-19,hr,0.0,0.0,5157.18493452,3404.70075057,4156.0
2015-02-20,hr,0.0,0.0,4919.04604074,3571.69473682,4093.0
2015-02-21,hr,0.0,0.0,5032.3998423,3216.36243559,4095.0
2015-02-22,hr,0.0,0.0,5039.02968434,3327.47361953,4296.0
2015-02-23,hr,0.0,0.0,4783.20973963,3648.64441469,4269.0
2015-02-24,hr,0.0,0.0,4917.95990296,3538.08112907,4268.0
2015-02-25,hr,0.0,0.0,5361.99728785,3300.48908597,4203.0
2015-02-26,hr,0.0,0.0,4992.41649949,3293.90536165,4097.0
2015-02-27,hr,0.0,0.0,4787.48566887,3277.68247706,3967.0
2015-02-28,hr,0.0,0.0,4726.87276231,3398.02282753,3982.0
2015-03-01,hr,0.0,0.0,5194.75954186,3628.79071699,4099.0
2015-03-02,hr,0.0,0.0,5027.31928329,3692.6795798,4177.0
2015-03-03,hr,0.0,0.0,4906.41543164,3695.2487416,4064.0
2015-03-04,hr,0.0,0.0,4860.29882345,3636.19575848,4154.0
2015-03-05,hr,0.0,0.0,4902.87668695,3611.11436359,4253.0
2015-03-06,hr,0.0,0.0,4929.01557148,3390.00920952,4122.0
2015-03-07,hr,0.0,0.0,4798.14107526,3438.75027555,4048.0
2015-03-08,hr,0.0,0.0,4891.68704549,3334.20221057,4096.0
2015-03-09,hr,0.0,0.0,4994.26739253,3549.01062929,4160.0
2015-03-10,hr,0.0,0.0,4696.44531585,3505.28601387,4048.0
2015-03-11,hr,0.0,0.0,4850.30312444,3519.76503108,4119.0
2015-03-12,hr,0.0,0.0,4934.97902285,3590.22585158,4098.0
2015-03-13,hr,0.0,0.0,4670.67923373,3530.18787684,4056.0
2015-03-14,hr,0.0,0.0,4785.30748942,3364.47002758,3961.0
2015-03-15,hr,0.0,0.0,4909.81895057,3394.20244779,4095.0
2015-03-16,hr,0.0,0.0,4798.25733581,3526.18210725,4106.0
2015-03-17,hr,0.0,0.0,4686.99674759,3452.76136211,3995.0
2015-03-18,hr,0.0,0.0,4840.05136084,3401.05570295,3909.0
2015-03-19,hr,0.0,0.0,4881.48098005,3353.3873119,3868.0
2015-03-20,hr,0.0,0.0,4883.96404219,3389.44595959,3834.0
2015-03-21,hr,0.0,0.0,4693.43492425,3278.20630432,3796.0
2015-03-22,hr,0.0,0.0,4913.57870744,3330.65087941,3920.0
2015-03-23,hr,0.0,0.0,5039.73504136,3211.60925017,3945.0
2015-03-24,hr,0.0,0.0,4927.94604756,3164.00673626,3913.0
2015-03-25,hr,0.0,0.0,4738.81501927,3238.54768237,3991.0
2015-03-26,hr,0.0,0.0,4549.71404284,3204.28280608,3889.0
2015-03-27,hr,0.0,0.0,4392.20323052,3051.69839706,3827.0
2015-03-28,hr,0.0,0.0,4450.0923656,2892.8038632,3716.0
2015-03-29,hr,0.0,0.0,4568.89651479,2918.49801976,3646.0
2015-03-30,hr,0.0,0.0,4569.01649449,2965.42902107,3817.0
2015-03-31,hr,0.0,0.0,4633.60751104,2806.06894678,3781.0
2015-04-01,hr,0.0,0.0,4840.81511638,2851.66091909,3883.0
2015-04-02,hr,0.0,0.0,4993.59969398,2464.30611698,3786.0
2015-04-03,hr,0.0,0.0,5208.51795852,2218.78773239,3685.0
2015-04-04,hr,0.0,0.0,4571.76694845,2672.43577439,3651.0
2015-04-05,hr,0.0,0.0,4492.36371891,2699.10437617,3664.0
2015-04-06,hr,0.0,0.0,4878.6741759,2890.9086829,3832.0
2015-04-07,hr,0.0,0.0,4532.40976041,3237.40629106,3824.0
2015-04-08,hr,0.0,0.0,4648.17139444,3203.96268175,3851.0
2015-04-09,hr,0.0,0.0,5559.2534573,2490.65706163,3781.0
2015-04-10,hr,0.0,0.0,6040.12065926,1995.24601729,3698.0
2015-04-11,hr,0.0,0.0,5447.45001853,2400.80616784,3697.0
2015-04-12,hr,0.0,0.0,5276.71940254,2433.58409739,3741.0
2015-04-13,hr,0.0,0.0,4779.46767638,2823.23035025,3636.0
2015-04-14,hr,0.0,0.0,4584.63574932,2958.1438345,3618.0
2015-04-15,hr,0.0,0.0,4509.12262134,3106.06957494,3622.0
2015-04-16,hr,0.0,0.0,4317.26481225,3038.92414721,3564.0
2015-04-17,hr,0.0,0.0,4422.29782226,2847.81440007,3627.0
2015-04-18,hr,0.0,0.0,4542.47795459,2668.82427822,3686.0
2015-04-19,hr,0.0,0.0,4492.95987685,2848.21180121,3707.0
2015-04-20,hr,0.0,0.0,4367.90714164,2915.69760373,3627.0
2015-04-21,hr,0.0,0.0,4435.12727492,2899.22338089,3623.0
2015-04-22,hr,0.0,0.0,4269.52139512,2975.11064917,3564.0
2015-04-23,hr,0.0,0.0,4060.35268117,3038.86896706,3531.0
2015-04-24,hr,0.0,0.0,4212.96771018,2941.46196566,3462.0
2015-04-25,hr,0.0,0.0,4395.55777268,2879.24121784,3376.0
2015-04-26,hr,0.0,0.0,4397.90662918,2878.25678595,3483.0
2015-04-27,hr,0.0,0.0,4312.83272424,2923.96824782,3600.0
2015-04-28,hr,0.0,0.0,4141.58642249,3061.16083662,3671.0
2015-04-29,hr,0.0,0.0,4125.97705935,2969.83334444,3545.0
2015-04-30,hr,0.0,0.0,4245.64478073,2748.21496495,3436.0
2015-05-01,hr,0.0,0.0,4706.11470683,2139.31277741,3382.0
2015-05-02,hr,0.0,0.0,4172.59388774,2574.81306067,3460.0
2015-05-03,hr,0.0,0.0,4215.34982907,2740.40721021,3470.0
2015-05-04,hr,0.0,0.0,4272.43761231,2905.01869137,3514.0
2015-05-05,hr,0.0,0.0,4216.47993089,3023.7091033,3489.0
2015-05-06,hr,0.0,0.0,4092.08490633,2942.50779238,3398.0
2015-05-07,hr,0.0,0.0,4143.00538289,2790.68700821,3253.0
2015-05-08,hr,0.0,0.0,4565.43341396,2444.2579046,3164.0
2015-05-09,hr,0.0,0.0,4156.51657764,2774.87731922,3182.0
2015-05-10,hr,0.0,0.0,4315.8649913,2711.94875204,3357.0
2015-05-11,hr,0.0,0.0,4252.35354296,2880.08393329,3410.0
2015-05-12,hr,0.0,0.0,4042.10954387,2985.51342057,3424.0
2015-05-13,hr,0.0,0.0,4025.39514418,2832.58347206,3420.0
2015-05-14,hr,0.0,0.0,3904.03886963,2688.05361795,3434.0
2015-05-15,hr,0.0,0.0,3864.22545024,2523.25190768,3475.0
2015-05-16,hr,0.0,0.0,3826.22419299,2596.99357835,3450.0
2015-05-17,hr,0.0,0.0,3990.37541348,2711.76275782,3462.0
2015-05-18,hr,0.0,0.0,4001.23210535,2778.46787573,3490.0
2015-05-19,hr,0.0,0.0,4020.51308147,2879.90419461,3482.0
2015-05-20,hr,0.0,0.0,4201.15307411,2775.51730719,3631.0
2015-05-21,hr,0.0,0.0,4167.385875,2761.4587324,3664.0
2015-05-22,hr,0.0,0.0,4294.48705158,2772.00400822,3721.0
2015-05-23,hr,0.0,0.0,4215.35942121,2720.54647227,3626.0
2015-05-24,hr,0.0,0.0,4306.58192956,2715.39306137,3661.0
2015-05-25,hr,0.0,0.0,4462.08627732,2682.9423666,3788.0
2015-05-26,hr,0.0,0.0,4169.49345841,2954.40407498,3737.0
2015-05-27,hr,0.0,0.0,4349.4603972,3106.80387279,3714.0
2015-05-28,hr,0.0,0.0,4596.07611066,3074.41130618,3650.0
2015-05-29,hr,0.0,0.0,4676.402576,3153.35531605,3525.0
2015-05-30,hr,0.0,0.0,4612.40289008,3094.75240734,3482.0
2015-05-31,hr,0.0,0.0,4743.97450947,2938.3041569,3620.0
2015-06-01,hr,0.0,0.0,4941.63680687,2996.30857777,3719.0
2015-06-02,hr,0.0,0.0,4743.82577237,2977.63677013,3756.0
2015-06-03,hr,0.0,0.0,4524.02125569,3044.26429304,3735.0
2015-06-04,hr,0.0,0.0,4458.19476989,3010.6592238,3715.0
2015-06-05,hr,0.0,0.0,4148.90216093,2848.95506796,3590.0
2015-06-06,hr,0.0,0.0,4146.11078067,2615.83630803,3361.0
2015-06-07,hr,0.0,0.0,4319.94331987,2849.40576534,3460.0
2015-06-08,hr,0.0,0.0,4420.19215519,2962.59174583,3572.0
2015-06-09,hr,0.0,0.0,4450.2709549,2972.11937525,3619.0
2015-06-10,hr,0.0,0.0,4537.78838824,3028.83950823,3709.0
2015-06-11,hr,0.0,0.0,4406.58412729,3073.50067945,3672.0
2015-06-12,hr,0.0,0.0,4275.20786919,3047.29799081,3500.0
2015-06-13,hr,0.0,0.0,4107.01772663,2777.23035196,3419.0
2015-06-14,hr,0.0,0.0,4108.51615638,2690.1613373,3402.0
2015-06-15,hr,0.0,0.0,4222.49138478,2821.6114871,3510.0
2015-06-16,hr,0.0,0.0,4414.50499255,2936.84618077,3619.0
2015-06-17,hr,0.0,0.0,4439.60987425,2841.62164114,3675.0
2015-06-18,hr,0.0,0.0,4262.67205949,2959.97569121,3694.0
2015-06-19,hr,0.0,0.0,4060.07836252,2854.12857888,3660.0
2015-06-20,hr,0.0,0.0,4107.00911767,2668.33062774,3460.0
2015-06-21,hr,0.0,0.0,4236.90939873,2771.00971688,3434.0
2015-06-22,hr,0.0,0.0,4351.86507443,2877.54431167,3450.0
2015-06-23,hr,0.0,0.0,4262.02212416,2943.60387064,3663.0
2015-06-24,hr,0.0,0.0,4231.81225293,3065.61636556,3618.0
2015-06-25,hr,0.0,0.0,4311.73578384,2962.06609658,3460.0
2015-06-26,hr,0.0,0.0,4396.69684569,2916.07164156,3487.0
2015-06-27,hr,0.0,0.0,4238.11237438,2714.01255377,3382.0
2015-06-28,hr,0.0,0.0,4068.91998609,2721.99979899,3574.0
2015-06-29,hr,0.0,0.0,4186.55836815,2742.49936939,3783.0
2015-06-30,hr,0.0,0.0,4532.5027664,2849.6231447,3729.0
2015-07-01,hr,0.0,0.0,4227.22234057,2989.48469789,3653.0
2015-07-02,hr,0.0,0.0,4111.96991217,2896.26060056,3613.0
2015-07-03,hr,0.0,0.0,4111.24744678,2866.12842205,3505.0
2015-07-04,hr,0.0,0.0,4200.22523255,2550.58957277,3337.0
2015-07-05,hr,0.0,0.0,4479.47801773,2689.9239062,3377.0
2015-07-06,hr,0.0,0.0,4578.25441978,2911.03446016,3572.0
2015-07-07,hr,0.0,0.0,4399.64634778,2931.66090779,3525.0
2015-07-08,hr,0.0,0.0,4428.15696313,2781.71898541,3451.0
2015-07-09,hr,0.0,0.0,4416.18543362,2806.97583554,3472.0
2015-07-10,hr,0.0,0.0,4303.29751019,2755.06030577,3426.0
2015-07-11,hr,0.0,0.0,3986.63001164,2668.36775743,3267.0
2015-07-12,hr,0.0,0.0,3930.56034089,2743.73524879,3244.0
2015-07-13,hr,0.0,0.0,4129.0595389,2927.36438458,3421.0
2015-07-14,hr,0.0,0.0,4202.03859311,2870.71047002,3500.0
2015-07-15,hr,0.0,0.0,4066.87474011,2857.24475111,3474.0
2015-07-16,hr,0.0,0.0,4262.46354048,2584.74432018,3468.0
2015-07-17,hr,0.0,0.0,4149.90125203,2552.90842157,3324.0
2015-07-18,hr,0.0,0.0,3973.80869189,2423.01976316,3156.0
2015-07-19,hr,0.0,0.0,3998.72227897,2359.81398499,3173.0
2015-07-20,hr,0.0,0.0,4121.3740083,2678.78000309,3368.0
2015-07-21,hr,0.0,0.0,4257.95508456,2681.31379802,3350.0
2015-07-22,hr,0.0,0.0,4315.32741015,2671.63627629,3325.0
2015-07-23,hr,0.0,0.0,4252.28730148,2690.42914552,3306.0
2015-07-24,hr,0.0,0.0,3962.44304967,2670.98221947,3232.0
2015-07-25,hr,0.0,0.0,3763.40958889,2500.14811808,3020.0
2015-07-26,hr,0.0,0.0,3796.77574523,2524.7322943,3074.0
2015-07-27,hr,0.0,0.0,4137.09432382,2561.33726942,3283.0
2015-07-28,hr,0.0,0.0,3889.51895383,2715.02300096,3327.0
2015-07-29,hr,0.0,0.0,3928.4746083,2693.60420993,3333.0
2015-07-30,hr,0.0,0.0,3917.10609868,2802.79722168,3399.0
2015-07-31,hr,0.0,0.0,3909.97944081,2556.20421307,3259.0
2015-08-01,hr,0.0,0.0,3785.92992666,2438.11290466,3126.0
2015-08-02,hr,0.0,0.0,3862.16034424,2453.29176754,3137.0
2015-08-03,hr,0.0,0.0,4174.60418567,2513.29429925,3247.0
2015-08-04,hr,0.0,0.0,4131.33260379,2532.21331603,3168.0
2015-08-05,hr,0.0,0.0,3996.26572496,2633.88548615,3152.0
2015-08-06,hr,0.0,0.0,4070.34299708,2709.95410971,3212.0
2015-08-07,hr,0.0,0.0,3992.69682784,2586.73437633,3172.0
2015-08-08,hr,0.0,0.0,3762.96044887,2464.54271703,3065.0
2015-08-09,hr,0.0,0.0,3925.20534283,2356.37352063,3097.0
2015-08-10,hr,0.0,0.0,4080.76627542,2499.87383019,3266.0
2015-08-11,hr,0.0,0.0,3982.81159075,2519.9126167,3350.0
2015-08-12,hr,0.0,0.0,3898.03382696,2521.91698435,3370.0
2015-08-13,hr,0.0,0.0,3927.28304694,2475.27874698,3354.0
2015-08-14,hr,0.0,0.0,3962.87633222,2333.7441992,3218.0
2015-08-15,hr,0.0,0.0,3868.90538182,2243.82058429,3089.0
2015-08-16,hr,0.0,0.0,3814.38794274,2341.82700323,3264.0
2015-08-17,hr,0.0,0.0,3871.98647434,2615.27202881,3505.0
2015-08-18,hr,0.0,0.0,4068.4333103,2702.21648695,3538.0
2015-08-19,hr,0.0,0.0,4044.09541999,2783.29599904,3622.0
2015-08-20,hr,0.0,0.0,4140.56226486,2733.21027493,3612.0
2015-08-21,hr,0.0,0.0,4060.65709618,2687.3985736,3488.0
2015-08-22,hr,0.0,0.0,4068.90809257,2450.47179687,3267.0
2015-08-23,hr,0.0,0.0,4320.9512359,2615.72822034,3304.0
2015-08-24,hr,0.0,0.0,4686.80950389,2761.36378333,3464.0
2015-08-25,hr,0.0,0.0,4502.57297113,2843.71653876,3510.0
2015-08-26,hr,0.0,0.0,4529.84832529,2938.91974124,3476.0
2015-08-27,hr,0.0,0.0,4674.3554403,2794.67516189,3418.0
2015-08-28,hr,0.0,0.0,4215.56631521,2840.78133762,3354.0
2015-08-29,hr,0.0,0.0,3918.23632454,2623.167817,3136.0
2015-08-30,hr,0.0,0.0,3923.29421036,2633.39046722,3222.0
2015-08-31,hr,0.0,0.0,4086.95617734,2798.96503483,3408.0
2015-09-01,hr,0.0,0.0,4239.01111235,2824.82227205,3476.0
2015-09-02,hr,0.0,0.0,4258.79152531,2836.76297004,3523.0
2015-09-03,hr,0.0,0.0,4189.93629648,2782.88592952,3465.0
2015-09-04,hr,0.0,0.0,4074.60029729,2769.50036552,3428.0
2015-09-05,hr,0.0,0.0,4028.5866628,2581.33410562,3364.0
2015-09-06,hr,0.0,0.0,4055.67473017,2725.03018345,3378.0
2015-09-07,hr,0.0,0.0,4183.17687008,2872.08381667,3361.0
2015-09-08,hr,0.0,0.0,4092.00533444,2992.40812122,3322.0
2015-09-09,hr,0.0,0.0,4093.33165529,3080.39483377,3338.0
2015-09-10,hr,0.0,0.0,3941.74246661,2987.56572258,3293.0
2015-09-11,hr,0.0,0.0,3885.98290746,2907.11543333,3150.0
2015-09-12,hr,0.0,0.0,3900.83351947,2737.41597593,3011.0
2015-09-13,hr,0.0,0.0,4094.74327822,2617.75036562,3114.0
2015-09-14,hr,0.0,0.0,3921.01122008,2781.7036091,3244.0
2015-09-15,hr,0.0,0.0,3974.07370108,2737.32482336,3309.0
2015-09-16,hr,0.0,0.0,4026.52440463,2550.45652285,3223.0
2015-09-17,hr,0.0,0.0,3911.56352243,2624.19776489,3190.0
2015-09-18,hr,0.0,0.0,3702.03901675,2596.91796526,3117.0
2015-09-19,hr,0.0,0.0,3519.53058828,2600.45663568,3063.0
2015-09-20,hr,0.0,0.0,3774.63733193,2549.04213581,3170.0
2015-09-21,hr,0.0,0.0,3867.75416495,2662.95015246,3240.0
2015-09-22,hr,0.0,0.0,3900.09871556,2690.21591679,3219.0
2015-09-23,hr,0.0,0.0,3966.20842972,2609.64364721,3190.0
2015-09-24,hr,0.0,0.0,4073.96378256,2458.83302071,3286.0
2015-09-25,hr,0.0,0.0,3730.94401645,2618.89731528,3326.0
2015-09-26,hr,0.0,0.0,3818.42047725,2442.36028587,3263.0
2015-09-27,hr,0.0,0.0,3909.91761157,2207.05290815,3065.0
2015-09-28,hr,0.0,0.0,4257.9869959,2539.41388763,3401.0
2015-09-29,hr,0.0,0.0,3901.32425428,2614.73448487,3252.0
2015-09-30,hr,0.0,0.0,3944.16782741,2517.41730476,3221.0
2015-10-01,hr,0.0,0.0,4107.6728146,2608.13280849,3214.0
2015-10-02,hr,0.0,0.0,4083.04184883,2695.14460529,3111.0
2015-10-03,hr,0.0,0.0,4044.10369306,2614.6743112,3068.0
2015-10-04,hr,0.0,0.0,4436.52166952,2384.68026281,3163.0
2015-10-05,hr,0.0,0.0,4231.75678069,2691.12772224,3196.0
2015-10-06,hr,0.0,0.0,3970.73945087,2882.06163984,3273.0
2015-10-07,hr,0.0,0.0,3832.77895654,2796.40812997,3229.0
2015-10-08,hr,0.0,0.0,3759.80883586,2677.97928657,3282.0
2015-10-09,hr,0.0,0.0,3725.96737968,2606.52701715,3195.0
2015-10-10,hr,0.0,0.0,3868.02173277,2399.65951636,3177.0
2015-10-11,hr,0.0,0.0,3961.27193754,2375.99210271,3362.0
2015-10-12,hr,0.0,0.0,3951.38925923,2305.70255143,3236.0
2015-10-13,hr,0.0,0.0,4022.49673039,2434.07065691,3237.0
2015-10-15,hr,0.0,0.0,3850.75921591,2733.23259109,3246.0
2015-10-16,hr,0.0,0.0,3757.17215146,2614.82472788,3155.0
2015-10-17,hr,0.0,0.0,3865.68362966,2442.52015274,3105.0
2015-10-18,hr,0.0,0.0,4260.32163587,2454.04463128,3188.0
2015-10-19,hr,0.0,0.0,4283.19852512,2282.18362383,3366.0
2015-10-20,hr,0.0,0.0,3909.90663275,2600.49521069,3363.0
2015-10-22,hr,0.0,0.0,3985.12107436,2448.13108165,3316.0
2015-10-23,hr,0.0,0.0,3836.94423189,2400.36109248,3147.0
2015-10-24,hr,0.0,0.0,3764.97298011,2504.59865112,3159.0
2015-10-25,hr,0.0,0.0,3857.8717277,2625.83363285,3287.0
2015-10-26,hr,0.0,0.0,4149.24622202,2669.68282409,3353.0
2015-10-27,hr,0.0,0.0,4246.44657611,2600.03813394,3378.0
2015-10-28,hr,0.0,0.0,3985.23380879,2759.86658371,3383.0
2015-10-29,hr,0.0,0.0,3986.34181224,2730.49484069,3406.0
2015-10-30,hr,0.0,0.0,3721.55951801,2599.27996987,3228.0
2015-10-31,hr,0.0,0.0,3839.55580704,2399.2182468,3097.0
2015-11-01,hr,0.0,0.0,4118.27749979,2489.72894877,3127.0
2015-11-02,hr,0.0,0.0,4204.65945929,2531.05263185,3173.0
2015-11-03,hr,0.0,0.0,3880.82417691,2730.43386637,3050.0
2015-11-04,hr,0.0,0.0,3955.99448022,2891.98844488,3176.0
2015-11-05,hr,0.0,0.0,3969.40173022,2947.22334753,3220.0
2015-11-06,hr,0.0,0.0,3949.98291554,2722.66720703,3208.0
2015-11-07,hr,0.0,0.0,3976.29335246,2545.42661102,3138.0
2015-11-08,hr,0.0,0.0,3973.07654154,2438.75452978,3147.0
2015-11-09,hr,0.0,0.0,4137.90764674,2362.43186698,3250.0
2015-11-10,hr,0.0,0.0,3922.03259992,2296.53071701,3208.0
2015-11-11,hr,0.0,0.0,3839.77944644,2589.48283906,3212.0
2015-11-12,hr,0.0,0.0,3818.95031404,2672.71459314,3231.0
2015-11-13,hr,0.0,0.0,3749.074168,2639.80557871,3157.0
2015-11-14,hr,0.0,0.0,3741.43837815,2476.39767887,3106.0
2015-11-15,hr,0.0,0.0,3758.67109337,2581.10496181,3231.0
2015-11-16,hr,0.0,0.0,4082.59029349,2497.38774258,3251.0
2015-11-17,hr,0.0,0.0,3703.1956436,2319.37372385,2998.0
2015-11-18,hr,0.0,0.0,3663.83292917,2691.20592302,3224.0
2015-11-19,hr,0.0,0.0,3755.38346145,2729.29731465,3175.0
2015-11-20,hr,0.0,0.0,3779.7875526,2718.17190654,3258.0
2015-11-21,hr,0.0,0.0,3768.10114312,2670.71184955,3412.0
2015-11-22,hr,0.0,0.0,3976.5256291,2675.46938049,3421.0
2015-11-23,hr,0.0,0.0,4049.6175276,2724.10871362,3388.0
2015-11-24,hr,0.0,0.0,4226.11910829,2635.13799878,3381.0
2015-11-25,hr,0.0,0.0,3866.72969381,2794.90327719,3312.0
2015-11-26,hr,0.0,0.0,3695.60263414,2707.11854248,3246.0
2015-11-27,hr,0.0,0.0,3764.37576559,2679.27714936,3194.0
2015-11-28,hr,0.0,0.0,3925.43920547,2809.71623863,3150.0
2015-11-29,hr,0.0,0.0,3955.38140108,2852.96286342,3175.0
2015-11-30,hr,0.0,0.0,3771.15492335,2803.23222573,3239.0
2015-12-01,hr,0.0,0.0,3829.17449495,2888.30267942,3321.0
2015-12-02,hr,0.0,0.0,4043.00057606,2668.53060723,3309.0
2015-12-03,hr,0.0,0.0,3715.63600645,2555.25447041,3121.0
2015-12-04,hr,0.0,0.0,3914.99215651,2668.54292129,3262.0
2015-12-05,hr,0.0,0.0,3795.62337571,2603.18270518,3160.0
2015-12-06,hr,0.0,0.0,3865.51176223,2582.18779922,3220.0
2015-12-07,hr,0.0,0.0,4117.77718585,2561.83369492,3268.0
2015-12-08,hr,0.0,0.0,4212.14488127,2490.52761913,3290.0
2015-12-09,hr,0.0,0.0,4112.42438457,2499.52261394,3289.0
2015-12-10,hr,0.0,0.0,3978.01609675,2644.27496605,3276.0
2015-12-11,hr,0.0,0.0,3946.30308621,2605.18313992,3168.0
2015-12-12,hr,0.0,0.0,3962.58391559,2446.70006333,3178.0
2015-12-13,hr,0.0,0.0,3978.445824,2521.01226389,3226.0
2015-12-14,hr,0.0,0.0,4227.94594412,2338.45283369,3286.0
2015-12-15,hr,0.0,0.0,4225.75569118,2357.81401454,3236.0
2015-12-16,hr,0.0,0.0,3920.75568268,2682.76278932,3225.0
2015-12-17,hr,0.0,0.0,3965.40309373,2492.2785481,3190.0
2015-12-18,hr,0.0,0.0,3764.08554753,2477.37094688,3106.0
2015-12-19,hr,0.0,0.0,3677.72206118,2459.88641944,3069.0
2015-12-20,hr,0.0,0.0,3749.48151487,2442.7037428,3169.0
2015-12-21,hr,0.0,0.0,3839.35495466,2582.3713129,3225.0
2015-12-22,hr,0.0,0.0,3734.1285592,2540.61718459,3197.0
2015-12-23,hr,0.0,0.0,4055.49500082,2085.30312874,3152.0
2015-12-24,hr,0.0,0.0,4170.41139138,1799.93779408,3074.0
2015-12-25,hr,0.0,0.0,4219.08509068,1452.26532966,3005.0
2015-12-26,hr,0.0,0.0,3945.15454079,1842.24917375,3029.0
2015-12-27,hr,0.0,0.0,3721.56854432,2460.90709612,3075.0
2015-12-28,hr,0.0,0.0,3875.15138511,2458.39070143,3219.0
2015-12-29,hr,0.0,0.0,3898.80687759,2512.32547284,3240.0
2015-12-30,hr,0.0,0.0,3976.94696877,2445.9169696,3231.0
2015-12-31,hr,0.0,0.0,3925.86747774,2195.3035833,2981.0
2016-01-01,hr,0.0,0.0,4022.30232471,2130.26658838,2945.0
2016-01-02,hr,0.0,0.0,4100.90258882,2285.27337872,3125.0
2016-01-03,hr,0.0,0.0,3996.53882249,2417.99866458,3143.0
2016-01-04,hr,0.0,0.0,3893.76126815,2500.78967159,3138.0
2016-01-05,hr,0.0,0.0,4226.38188563,2612.1934086,3365.0
2016-01-06,hr,0.0,0.0,4432.61384842,2388.86027832,3361.0
2016-01-07,hr,0.0,0.0,4641.26224446,2173.6630366,3393.0
2016-01-08,hr,0.0,0.0,4906.44105779,1975.08729604,3370.0
2016-01-09,hr,0.0,0.0,4342.13083121,2379.50393981,3263.0
2016-01-10,hr,0.0,0.0,3944.32763327,2689.2241974,3347.0
2016-01-11,hr,0.0,0.0,3775.65001901,2520.52866826,3147.0
2016-01-12,hr,0.0,0.0,3726.92039331,2573.90857881,3080.0
2016-01-13,hr,0.0,0.0,3947.29086144,2432.41547907,3063.0
2016-01-14,hr,0.0,0.0,4190.25785583,2672.84394139,3325.0
2016-01-15,hr,0.0,0.0,4093.76527075,2461.2828845,3138.0
2016-01-16,hr,0.0,0.0,4154.4409198,2490.10351624,3173.0
2016-01-17,hr,0.0,0.0,4142.99842283,2569.40275724,3228.0
2016-01-18,hr,0.0,0.0,4105.34161856,2636.12344144,3277.0
2016-01-19,hr,0.0,0.0,3918.80416818,2721.81781029,3261.0
2016-01-20,hr,0.0,0.0,3902.45917584,2699.58198225,3229.0
2016-01-21,hr,0.0,0.0,3961.75631401,2756.0850976,3270.0
2016-01-22,hr,0.0,0.0,3865.86696545,2648.88152886,3205.0
2016-01-23,hr,0.0,0.0,3787.21799609,2549.92852928,3207.0
2016-01-24,hr,0.0,0.0,3848.71940357,2561.00985444,3189.0
2016-01-25,hr,0.0,0.0,3917.31433454,2589.60699891,3229.0
2016-01-26,hr,0.0,0.0,3646.87579195,2435.35412876,3003.0
2016-01-27,hr,0.0,0.0,3607.00928779,2386.52674208,2983.0
2016-01-28,hr,0.0,0.0,3657.99039465,2360.01015014,2975.0
2016-01-29,hr,0.0,0.0,3808.1763286,2497.50855784,3104.0
2016-01-30,hr,0.0,0.0,3882.80629595,2421.97193803,3043.0
2016-01-31,hr,0.0,0.0,4034.06745909,2358.59690103,3184.0
2016-02-01,hr,0.0,0.0,3906.09889662,2533.6263434,3158.0
2016-02-02,hr,0.0,0.0,3784.5585598,2553.58031661,3131.0
2016-02-03,hr,0.0,0.0,3423.48240409,2429.75399073,2946.0
2016-02-04,hr,0.0,0.0,3491.72970115,2392.22703585,2921.0
2016-02-05,hr,0.0,0.0,3567.11533918,2265.6697619,2850.0
2016-02-06,hr,0.0,0.0,3525.15483234,2144.02973659,2800.0
2016-02-07,hr,0.0,0.0,3710.36624667,2095.49647689,2896.0
2016-02-08,hr,0.0,0.0,3954.36376912,1857.80178777,2933.0
2016-02-09,hr,0.0,0.0,4041.63501306,1807.73125317,2975.0
2016-02-10,hr,0.0,0.0,3898.0899765,2047.65975193,3244.0
2016-02-11,hr,0.0,0.0,3574.54538617,2242.06520977,3188.0
2016-02-12,hr,0.0,0.0,3543.12109961,2174.71428252,3119.0
2016-02-13,hr,0.0,0.0,3481.87416616,2203.66350835,3006.0
2016-02-14,hr,0.0,0.0,3781.14060709,2218.88741697,3140.0
2016-02-15,hr,0.0,0.0,4206.21494938,1997.8992306,3259.0
2016-02-16,hr,0.0,0.0,4405.82950757,1848.65706345,3268.0
2016-02-17,hr,0.0,0.0,4702.41300472,2167.96076074,3258.0
2016-02-18,hr,0.0,0.0,3958.11474114,2554.03086583,3240.0
2016-02-19,hr,0.0,0.0,3957.78539949,2391.39089996,3121.0
2016-02-20,hr,0.0,0.0,3847.81223411,2317.51559894,2981.0
2016-02-21,hr,0.0,0.0,3982.41096142,2515.70264816,3196.0
2016-02-22,hr,0.0,0.0,4032.81393924,2548.68715444,3184.0
2016-02-23,hr,0.0,0.0,3855.74458591,2555.59084111,3154.0
2016-02-24,hr,0.0,0.0,3922.48803633,2473.26972025,3221.0
2016-02-25,hr,0.0,0.0,3822.79994424,2645.6692654,3197.0
2016-02-26,hr,0.0,0.0,3636.40416339,2568.22960004,3040.0
2016-02-27,hr,0.0,0.0,3534.55738296,2461.93929065,2879.0
2016-02-28,hr,0.0,0.0,3763.85775879,2560.49540813,2872.0
2016-02-29,hr,0.0,0.0,3865.21742554,2512.03658335,2894.0
2016-03-01,hr,0.0,0.0,3778.67975863,2631.84196434,2916.0
2016-03-02,hr,0.0,0.0,4026.70599765,2697.5037947,2957.0
2016-03-03,hr,0.0,0.0,3836.28963126,2648.44074663,2900.0
2016-03-04,hr,0.0,0.0,3576.03671514,2571.70972003,2840.0
2016-03-05,hr,0.0,0.0,3436.32159833,2360.45458214,2764.0
2016-03-06,hr,0.0,0.0,3474.71561694,2351.07167881,2817.0
2016-03-07,hr,0.0,0.0,3540.27031899,2290.14944986,2885.0
2016-03-08,hr,0.0,0.0,3564.95124615,2167.51162798,2856.0
2016-03-09,hr,0.0,0.0,3464.21256653,2237.82966393,2799.0
2016-03-10,hr,0.0,0.0,3374.20603409,2353.82622503,2741.0
2016-03-11,hr,0.0,0.0,3300.14432231,2288.56789786,2774.0
